Final Code	Item Name	UOM		HSN CODE	NEW ITEM DISRIPTION
PMLUL80500N	PERMANENT MAGNETIC LIFTER (1:3.5T) 100 KG-90X65X85 MM	NOS		85051900	CAT. NO UL80500 PERMANENT MAGNETIC LIFTER (1:3.5T) 100 KG-90X65X85 MM
PMLUL80501N	PERMANENT MAGNETIC LIFTER (1:3.5T) 200 KG-170X85X105 MM	NOS		85051900	CAT. NO UL80501 PERMANENT MAGNETIC LIFTER (1:3.5T) 200 KG-170X85X105 MM
PMLUL80502N	PERMANENT MAGNETIC LIFTER (1:3.5T) 250 KG-170X85X105 MM	NOS		85051900	CAT. NO UL80502 PERMANENT MAGNETIC LIFTER (1:3.5T) 250 KG-170X85X105 MM
PMLUL80503N	PERMANENT MAGNETIC LIFTER (1:3.5T) 300 KG-230X85X105 MM	NOS		85051900	CAT. NO UL80503 PERMANENT MAGNETIC LIFTER (1:3.5T) 300 KG-230X85X105 MM
PMLUL80504N	PERMANENT MAGNETIC LIFTER (1:3.5T) 450 KG-230X85X105 MM	NOS		85051900	CAT. NO UL80504 PERMANENT MAGNETIC LIFTER (1:3.5T) 450 KG-230X85X105 MM
PMLUL80505N	PERMANENT MAGNETIC LIFTER (1:3.5T) 600 KG-255X110X130 MM	NOS		85051900	CAT. NO UL80505 PERMANENT MAGNETIC LIFTER (1:3.5T) 600 KG-255X110X130 MM
PMLUL80506N	PERMANENT MAGNETIC LIFTER (1:3.5T) 700 KG-290X110X130 MM	NOS		85051900	CAT. NO UL80506 PERMANENT MAGNETIC LIFTER (1:3.5T) 700 KG-290X110X130 MM
PMLUL80507N	PERMANENT MAGNETIC LIFTER (1:3.5T) 1000 KG-350X130X135 MM	NOS		85051900	CAT. NO UL80507 PERMANENT MAGNETIC LIFTER (1:3.5T) 1000 KG-350X130X135 MM
PMLUL80508N	PERMANENT MAGNETIC LIFTER (1:3.5T) 1500 KG-395X150X160 MM	NOS		85051900	CAT. NO UL80508 PERMANENT MAGNETIC LIFTER (1:3.5T) 1500 KG-395X150X160 MM
PMLUL80509N	PERMANENT MAGNETIC LIFTER (1:3.5T) 2000 KG-460X170X185 MM	NOS		85051900	CAT. NO UL80509 PERMANENT MAGNETIC LIFTER (1:3.5T) 2000 KG-460X170X185 MM
PMLUL80512N	PERMANENT MAGNETIC LIFTER (1:3.5T)-260X85X105	NOS		85051900	CAT. NO UL80512 PERMANENT MAGNETIC LIFTER (1:3.5T)-260X85X105
PMLUL80500S	PERMANENT MAGNETIC LIFTER FOR RIGHT ANGLE HOLDING MAX-100 KG-100X75X95	NOS		85051900	CAT. NO UL805SPL-100 PERMANENT MAGNETIC LIFTER FOR RIGHT ANGLE HOLDING MAX-100 KG-100X75X95
PMLUL80500R	PERMANENT MAGNETIC LIFTER FOR ROUND JOB MAX-100 KG	NOS		85051900	CAT. NO UL805SPL-100 ROUND PERMANENT MAGNETIC LIFTER FOR ROUND JOB MAX-100 KG
PMLUL80507S	PERMANENT MAGNETIC LIFTER FOR RIGHT ANGLE HOLDING MAX-1000 KG	NOS		85051900	CAT. NO UL805SPL-1000 PERMANENT MAGNETIC LIFTER FOR RIGHT ANGLE HOLDING MAX-1000 KG
PMLUL80507R	PERMANENT MAGNETIC LIFTER FOR ROUND JOB MAX-1000 KG	NOS		85051900	CAT. NO UL805SPL-1000(ROUND) PERMANENT MAGNETIC LIFTER FOR ROUND JOB MAX-1000 KG
PMLUL80501S	PERMANENT MAGNETIC LIFTER FOR ROUND JOB MAX-200 KG	NOS		85051900	CAT. NO UL805SPL-150/200 PERMANENT MAGNETIC LIFTER FOR ROUND JOB MAX-200 KG
PMLUL80501R	PERMANENT MAGNETIC LIFTER FOR ROUND JOB MAX-200 KG	NOS		85051900	CAT. NO UL805SPL-200(ROUND) PERMANENT MAGNETIC LIFTER FOR ROUND JOB MAX-200 KG
PMLUL80503S	PERMANENT MAGNETIC LIFTER FOR HORIZONTAL & VERTICAL LIFTING (1:3T)-230X85X105 MM	NOS		85051900	CAT. NO UL805SPL-230X85X105 PERMANENT MAGNETIC LIFTER FOR HORIZONTAL & VERTICAL LIFTING (1:3T)-230X85X105 MM
PMLUL80504S	PERMANENT MAGNETIC LIFTER FOR RIGHT ANGLE HOLDING MAX-450 KG	NOS		85051900	CAT. NO UL805SPL-450 PERMANENT MAGNETIC LIFTER FOR RIGHT ANGLE HOLDING MAX-450 KG
PMLUL80512R	PERMANENT MAGNETIC LIFTER FOR ROUND JOB MAX-500 KG	NOS		85051900	CAT. NO UL805SPL-500(ROUND) PERMANENT MAGNETIC LIFTER FOR ROUND JOB MAX-500 KG
EMDUL80101	PLATE TYPE DEMAGNETISER (NOT A CONTINOUS DUTY TYPE)-150X100	NOS		85051900	CAT. NO UL80101 PLATE TYPE DEMAGNETISER (NOT A CONTINOUS DUTY TYPE)-150X100
EMDUL80102	PLATE TYPE DEMAGNETISER (NOT A CONTINOUS DUTY TYPE)-150X150	NOS		85051900	CAT. NO UL80102 PLATE TYPE DEMAGNETISER (NOT A CONTINOUS DUTY TYPE)-150X150
EMDUL80103	PLATE TYPE DEMAGNETISER (NOT A CONTINOUS DUTY TYPE)-150X225	NOS		85051900	CAT. NO UL80103 PLATE TYPE DEMAGNETISER (NOT A CONTINOUS DUTY TYPE)-150X225
EMDUL80104	PLATE TYPE DEMAGNETISER (NOT A CONTINOUS DUTY TYPE)-150X300	NOS		85051900	CAT. NO UL80104 PLATE TYPE DEMAGNETISER (NOT A CONTINOUS DUTY TYPE)-150X300
EMDUL80105	PLATE TYPE DEMAGNETISER (NOT A CONTINOUS DUTY TYPE)-350X350	NOS		85051900	CAT. NO UL80105 PLATE TYPE DEMAGNETISER (NOT A CONTINOUS DUTY TYPE)-350X350
EMDUL80106	PLATE TYPE DEMAGNETISER-300X295X140	NOS		85051900	CAT. NO UL801SPL-300X295 PLATE TYPE DEMAGNETISER-300X295X140
EMDUL80304	MINI DEMAGNETISER WITH HANDLE-150X100	NOS		85051900	CAT. NO UL80304 MINI DEMAGNETISER WITH HANDLE-150X100
EMDUL80305	MINI DEMAGNETISER WITH HANDLE-150X150	NOS		85051900	CAT. NO UL80305 MINI DEMAGNETISER WITH HANDLE-150X150
EMDUL80201	COIL TYPE DEMAGNETISER (NOT A CONTINUOUS DUTY TYPE)-ID100	NOS		85051900	CAT. NO UL80201 COIL TYPE DEMAGNETISER (NOT A CONTINUOUS DUTY TYPE)-ID100
EMDUL80202	COIL TYPE DEMAGNETISER (NOT A CONTINUOUS DUTY TYPE)-ID150, 420X420	NOS		85051900	CAT. NO UL80202 COIL TYPE DEMAGNETISER (NOT A CONTINUOUS DUTY TYPE)-ID150, 420X420
EMDUL80203	COIL TYPE DEMAGNETISER (NOT A CONTINUOUS DUTY TYPE)-ID200	NOS		85051900	CAT. NO UL80203 COIL TYPE DEMAGNETISER (NOT A CONTINUOUS DUTY TYPE)-ID200
EMDUL80204	COIL TYPE DEMAGNETISER (NOT A CONTINUOUS DUTY TYPE)-ID300	NOS		85051900	CAT. NO UL80204 COIL TYPE DEMAGNETISER (NOT A CONTINUOUS DUTY TYPE)-ID300
EMDUL80205	COIL TYPE DEMAGNETISER (NOT A CONTINUOUS DUTY TYPE)-100X100X50	NOS		85051900	CAT. NO UL80205 COIL TYPE DEMAGNETISER (NOT A CONTINUOUS DUTY TYPE)-100X100X50
EMDUL80206	COIL TYPE DEMAGNETISER (NOT A CONTINUOUS DUTY TYPE)-200X200X50	NOS		85051900	CAT. NO UL80206 COIL TYPE DEMAGNETISER (NOT A CONTINUOUS DUTY TYPE)-200X200X50
EMDUL80207	COIL TYPE DEMAGNETISER (NOT A CONTINUOUS DUTY TYPE)-200X200X100	NOS		85051900	CAT. NO UL80207 COIL TYPE DEMAGNETISER (NOT A CONTINUOUS DUTY TYPE)-200X200X100
EMDUL80207T	TUNNEL TYPE DEMANETISER (A CONTINUOUS DUTY TYPE)-200X200X80	NOS		85051900	CAT. NO UL80207T TUNNEL TYPE DEMANETISER (A CONTINUOUS DUTY TYPE)-200X200X80
EMLUL82301	RECTANGULAR HOLDING MAGNETS  WITH ELECTRICAL SWITCH OFF- 200X60 MM	NOS		85051900	CAT. NO UL82301 RECTANGULAR HOLDING MAGNETS  WITH ELECTRICAL SWITCH OFF- 200X60 MM
EMLUL82303	ROUND PERMANENT ELECTRO HOLDING MAGNETS WITH ELECTRICAL SWITCH OFF DIA-64 MM	NOS		85051900	CAT. NO UL-42203 ROUND PERMANENT ELECTRO HOLDING MAGNETS WITH ELECTRICAL SWITCH OFF DIA-64 MM
EMLUL82304	ROUND PERMANENT ELECTRO HOLDING MAGNETS WITH ELECTRICAL SWITCH OFF DIA-70 MM	NOS		85051900	CAT. NO UL-42204 ROUND PERMANENT ELECTRO HOLDING MAGNETS WITH ELECTRICAL SWITCH OFF DIA-70 MM
EMLUL82305	ROUND PERMANENT ELECTRO HOLDING MAGNETS WITH ELECTRICAL SWITCH OFF DIA-90 MM	NOS		85051900	CAT. NO UL-42205 ROUND PERMANENT ELECTRO HOLDING MAGNETS WITH ELECTRICAL SWITCH OFF DIA-90 MM
EMLUL82306	ROUND PERMANENT ELECTRO HOLDING MAGNETS WITH ELECTRICAL SWITCH OFF DIA-120 MM	NOS		85051900	CAT. NO UL-42206 ROUND PERMANENT ELECTRO HOLDING MAGNETS WITH ELECTRICAL SWITCH OFF DIA-120 MM
STNUL40101	NON MAGNETIC SINE TABLE-150X120X65 MM	NOS		85051900	CAT. NO UL40101 NON MAGNETIC SINE TABLE-150X120X65 MM
STNUL40102	NON MAGNETIC SINE TABLE-250X150X65 MM	NOS		85051900	CAT. NO UL40102 NON MAGNETIC SINE TABLE-250X150X65 MM
STNUL40103	NON MAGNETIC SINE TABLE-300X150X65 MM	NOS		85051900	CAT. NO UL40103 NON MAGNETIC SINE TABLE-300X150X65 MM
STNUL40104	NON MAGNETIC SINE TABLE-450XX150X65 MM	NOS		85051900	CAT. NO UL40104 NON MAGNETIC SINE TABLE-450XX150X65 MM
STNUL40105	NON MAGNETIC SINE TABLE-600X300 MM	NOS		85051900	CAT. NO UL401SPL-600X300 NON MAGNETIC SINE TABLE-600X300 MM
STNUL40201	NON MAGNETIC COMPOUND SINE TABLE-150X120X95 MM	NOS		85051900	CAT. NO UL40201 NON MAGNETIC COMPOUND SINE TABLE-150X120X95 MM
STNUL40202	NON MAGNETIC COMPOUND SINE TABLE-250X150X95 MM	NOS		85051900	CAT. NO UL40202 NON MAGNETIC COMPOUND SINE TABLE-250X150X95 MM
STNUL40203	NON MAGNETIC COMPOUND SINE TABLE-300X150X95 MM	NOS		85051900	CAT. NO UL40203 NON MAGNETIC COMPOUND SINE TABLE-300X150X95 MM
STNUL40204	NON MAGNETIC COMPOUND SINE TABLE-450X150X105 MM	NOS		85051900	CAT. NO UL40204 NON MAGNETIC COMPOUND SINE TABLE-450X150X105 MM
STNUL40205	NON MAGNETIC COMPOUND SINE TABLE-400X200X105 MM	NOS		85051900	CAT. NO UL402SPL-400X200 NON MAGNETIC COMPOUND SINE TABLE-400X200X105 MM
STMUL40301	MAGNETIC SINE TABLE WITH MAG CHUCK-150X120 MM	NOS		85051900	CAT. NO UL40301 MAGNETIC SINE TABLE WITH MAG CHUCK-150X120 MM
STMUL40302	MAGNETIC SINE TABLE WITH MAG CHUCK-250X150 MM	NOS		85051900	CAT. NO UL40302 MAGNETIC SINE TABLE WITH MAG CHUCK-250X150 MM
STMUL40303	MAGNETIC SINE TABLE WITH MAG CHUCK-300X150 MM	NOS		85051900	CAT. NO UL40303 MAGNETIC SINE TABLE WITH MAG CHUCK-300X150 MM
STMUL40304	MAGNETIC SINE TABLE WITH MAG CHUCK-450X150 MM	NOS		85051900	CAT. NO UL40304 MAGNETIC SINE TABLE WITH MAG CHUCK-450X150 MM
STMUL40305	MAGNETIC SINE TABLE WITH MAG CHUCK-450X200 MM	NOS		85051900	CAT. NO UL40305 MAGNETIC SINE TABLE WITH MAG CHUCK-450X200 MM
STMUL40306	MAGNETIC SINE TABLE WITH ELECTROMAGNETIC CHUCK-300X200 MM	NOS		85051900	CAT. NO UL403SPL-300X200 MAGNETIC SINE TABLE WITH ELECTROMAGNETIC CHUCK-300X200 MM
STMUL40307	MAGNETIC SINE TABLE WITH ELECTROMAGNETIC CHUCK SIDE OPEN-450X150X105 MM	NOS		85051900	CAT. NO UL403SPL-450X150 MAGNETIC SINE TABLE WITH ELECTROMAGNETIC CHUCK SIDE OPEN-450X150X105 MM
STMUL40308	MAGNETIC SINE TABLE WITH ELECTROMAGNETIC CHUCK-400X200 MM	NOS		85051900	CAT. NO UL403SPL-400X200 MAGNETIC SINE TABLE WITH ELECTROMAGNETIC CHUCK-400X200 MM
STMUL40309	MAGNETIC SINE TABLE WITH ELECTROMAGNETIC CHUCK-500X200 MM	NOS		85051900	CAT. NO UL403SPL-500X200 MAGNETIC SINE TABLE WITH ELECTROMAGNETIC CHUCK-500X200 MM
STMUL40310	MAGNETIC SINE TABLE WITH ELECTROMAGNETIC CHUCK-550X200X120 MM	NOS		85051900	CAT. NO UL403SPL-550X200 MAGNETIC SINE TABLE WITH ELECTROMAGNETIC CHUCK-550X200X120 MM
STMUL40401	MAGNETIC COMPOUND SINE TABLE WITH MICRO FINE PITCH MAG CHUCK-150X120 MM	NOS		85051900	CAT. NO UL40401 MAGNETIC COMPOUND SINE TABLE WITH MICRO FINE PITCH MAG CHUCK-150X120 MM
STMUL40402	MAGNETIC COMPOUND SINE TABLE WITH MICRO FINE PITCH MAG CHUCK-250X150 MM	NOS		85051900	CAT. NO UL40402 MAGNETIC COMPOUND SINE TABLE WITH MICRO FINE PITCH MAG CHUCK-250X150 MM
STMUL40403	MAGNETIC COMPOUND SINE TABLE WITH MICRO FINE PITCH MAG CHUCK-300X150 MM	NOS		85051900	CAT. NO UL40403 MAGNETIC COMPOUND SINE TABLE WITH MICRO FINE PITCH MAG CHUCK-300X150 MM
STMUL40404	MAGNETIC COMPOUND SINE TABLE WITH MICRO FINE PITCH MAG CHUCK-450X150 MM	NOS		85051900	CAT. NO UL40404 MAGNETIC COMPOUND SINE TABLE WITH MICRO FINE PITCH MAG CHUCK-450X150 MM
STMUL40405	MAGNETIC COMPOUND SINE TABLE WITH MICRO FINE PITCH MAG CHUCK-450X200 MM	NOS		85051900	CAT. NO UL40405 MAGNETIC COMPOUND SINE TABLE WITH MICRO FINE PITCH MAG CHUCK-450X200 MM
STMUL40406	SINE TABLE WITH ELECTROMAGNETIC CHUCK-550X200X120 MM	NOS		85051900	CAT. NO UL404SPL-550X200 SINE TABLE WITH ELECTROMAGNETIC CHUCK-550X200X120 MM
STMUL40407	SINE TABLE WITH ELECTROMAGNETIC CHUCK-600X200 MM	NOS		85051900	CAT. NO UL404SPL-600X200 SINE TABLE WITH ELECTROMAGNETIC CHUCK-600X200 MM
PMCUL70801	PERMANENT MAGNETIC CHUCK (HEAVY DUTY)-150X120X70 MM	NOS		85051900	CAT. NO UL70801 PERMANENT MAGNETIC CHUCK (HEAVY DUTY)-150X120X70 MM
PMCUL70802	PERMANENT MAGNETIC CHUCK (HEAVY DUTY)-250X150X70 MM	NOS		85051900	CAT. NO UL70802 PERMANENT MAGNETIC CHUCK (HEAVY DUTY)-250X150X70 MM
PMCUL70803	PERMANENT MAGNETIC CHUCK (HEAVY DUTY)-300X150X70 MM	NOS		85051900	CAT. NO UL70803 PERMANENT MAGNETIC CHUCK (HEAVY DUTY)-300X150X70 MM
PMCUL70804	PERMANENT MAGNETIC CHUCK (HEAVY DUTY)-300X200X70 MM	NOS		85051900	CAT. NO UL70804 PERMANENT MAGNETIC CHUCK (HEAVY DUTY)-300X200X70 MM
PMCUL70805	PERMANENT MAGNETIC CHUCK (HEAVY DUTY)-350X150X70 MM	NOS		85051900	CAT. NO UL70805 PERMANENT MAGNETIC CHUCK (HEAVY DUTY)-350X150X70 MM
PMCUL70806	PERMANENT MAGNETIC CHUCK (HEAVY DUTY)-400X150X70 MM	NOS		85051900	CAT. NO UL70806 PERMANENT MAGNETIC CHUCK (HEAVY DUTY)-400X150X70 MM
PMCUL70807	PERMANENT MAGNETIC CHUCK (HEAVY DUTY)-450X150X70 MM	NOS		85051900	CAT. NO UL70807 PERMANENT MAGNETIC CHUCK (HEAVY DUTY)-450X150X70 MM
PMCUL70808	PERMANENT MAGNETIC CHUCK (HEAVY DUTY)-450X200X70 MM	NOS		85051900	CAT. NO UL70808 PERMANENT MAGNETIC CHUCK (HEAVY DUTY)-450X200X70 MM
PMCUL70809	PERMANENT MAGNETIC CHUCK (HEAVY DUTY)-500X200X70 MM	NOS		85051900	CAT. NO UL70809 PERMANENT MAGNETIC CHUCK (HEAVY DUTY)-500X200X70 MM
PMCUL70810	PERMANENT MAGNETIC CHUCK (HEAVY DUTY)-600X200X70 MM	NOS		85051900	CAT. NO UL70810 PERMANENT MAGNETIC CHUCK (HEAVY DUTY)-600X200X70 MM
PMCUL70811	PERMANENT MAGNETIC CHUCK (HEAVY DUTY)-450X250X70 MM	NOS		85051900	CAT. NO UL70811 PERMANENT MAGNETIC CHUCK (HEAVY DUTY)-450X250X70 MM
PMCUL70812	PERMANENT MAGNETIC CHUCK (HEAVY DUTY)-450X300X70 MM	NOS		85051900	CAT. NO UL70812 PERMANENT MAGNETIC CHUCK (HEAVY DUTY)-450X300X70 MM
PMCUL70813	PERMANENT MAGNETIC CHUCK (HEAVY DUTY)-600X250X70 MM	NOS		85051900	CAT. NO UL70813 PERMANENT MAGNETIC CHUCK (HEAVY DUTY)-600X250X70 MM
PMCUL70814	PERMANENT MAGNETIC CHUCK (HEAVY DUTY)-600X300X70 MM	NOS		85051900	CAT. NO UL708SPL-400X200 PERMANENT MAGNETIC CHUCK (HEAVY DUTY)-600X300X70 MM
PMCUL70815	PERMANENT MAGNETIC CHUCK (HEAVY DUTY)-200X150X70 MM	NOS		85051900	CAT. NO UL708SPL-450X300X120 PERMANENT MAGNETIC CHUCK (HEAVY DUTY)-200X150X70 MM
PMCUL70816	PERMANENT MAGNETIC CHUCK (HEAVY DUTY)-400X200X70 MM	NOS		85051900	CAT. NO UL708SPL-500X250 PERMANENT MAGNETIC CHUCK (HEAVY DUTY)-400X200X70 MM
PMCUL70817	PERMANENT MAGNETIC CHUCK (HEAVY DUTY)-500X250X70 MM	NOS		85051900	CAT. NO UL708SPL-500X300 PERMANENT MAGNETIC CHUCK (HEAVY DUTY)-500X250X70 MM
PMCUL70901	PERMANENT MAGNETIC CHUCK CLOSE POLE TYPE (HEAVY DUTY)-250X150X70 MM	NOS		85051900	CAT. NO UL70901 PERMANENT MAGNETIC CHUCK CLOSE POLE TYPE (HEAVY DUTY)-250X150X70 MM
PMCUL70902	PERMANENT MAGNETIC CHUCK CLOSE POLE TYPE (HEAVY DUTY)-300X150X70 MM	NOS		85051900	CAT. NO UL70902 PERMANENT MAGNETIC CHUCK CLOSE POLE TYPE (HEAVY DUTY)-300X150X70 MM
PMCUL70903	PERMANENT MAGNETIC CHUCK CLOSE POLE TYPE (HEAVY DUTY)-300X200X70 MM	NOS		85051900	CAT. NO UL70903 PERMANENT MAGNETIC CHUCK CLOSE POLE TYPE (HEAVY DUTY)-300X200X70 MM
PMCUL70904	PERMANENT MAGNETIC CHUCK CLOSE POLE TYPE (HEAVY DUTY)-350X150X70 MM	NOS		85051900	CAT. NO UL70904 PERMANENT MAGNETIC CHUCK CLOSE POLE TYPE (HEAVY DUTY)-350X150X70 MM
PMCUL70905	PERMANENT MAGNETIC CHUCK CLOSE POLE TYPE (HEAVY DUTY)-400X150X70 MM	NOS		85051900	CAT. NO UL70905 PERMANENT MAGNETIC CHUCK CLOSE POLE TYPE (HEAVY DUTY)-400X150X70 MM
PMCUL70906	PERMANENT MAGNETIC CHUCK CLOSE POLE TYPE (HEAVY DUTY)-450X150X70 MM	NOS		85051900	CAT. NO UL70906 PERMANENT MAGNETIC CHUCK CLOSE POLE TYPE (HEAVY DUTY)-450X150X70 MM
PMCUL70907	PERMANENT MAGNETIC CHUCK CLOSE POLE TYPE (HEAVY DUTY)-450X200X70 MM	NOS		85051900	CAT. NO UL70907 PERMANENT MAGNETIC CHUCK CLOSE POLE TYPE (HEAVY DUTY)-450X200X70 MM
PMCUL70908	PERMANENT MAGNETIC CHUCK CLOSE POLE TYPE (HEAVY DUTY)-500X200X70 MM	NOS		85051900	CAT. NO UL70908 PERMANENT MAGNETIC CHUCK CLOSE POLE TYPE (HEAVY DUTY)-500X200X70 MM
PMCUL70909	PERMANENT MAGNETIC CHUCK CLOSE POLE TYPE (HEAVY DUTY)-600X200X70 MM	NOS		85051900	CAT. NO UL70909 PERMANENT MAGNETIC CHUCK CLOSE POLE TYPE (HEAVY DUTY)-600X200X70 MM
PMCUL70910	PERMANENT MAGNETIC CHUCK CLOSE POLE TYPE (HEAVY DUTY)-450X250X70 MM	NOS		85051900	CAT. NO UL70910 PERMANENT MAGNETIC CHUCK CLOSE POLE TYPE (HEAVY DUTY)-450X250X70 MM
PMCUL70911	PERMANENT MAGNETIC CHUCK CLOSE POLE TYPE (HEAVY DUTY)-450X300X70 MM	NOS		85051900	CAT. NO UL70911 PERMANENT MAGNETIC CHUCK CLOSE POLE TYPE (HEAVY DUTY)-450X300X70 MM
PMCUL70912	PERMANENT MAGNETIC CHUCK CLOSE POLE TYPE (HEAVY DUTY)-600X250X70 MM	NOS		85051900	CAT. NO UL70912 PERMANENT MAGNETIC CHUCK CLOSE POLE TYPE (HEAVY DUTY)-600X250X70 MM
PMCUL70913	PERMANENT MAGNETIC CHUCK CLOSE POLE TYPE (HEAVY DUTY)-600X300X70 MM	NOS		85051900	CAT. NO UL70913 PERMANENT MAGNETIC CHUCK CLOSE POLE TYPE (HEAVY DUTY)-600X300X70 MM
PMCUL70914	PERMANENT MAGNETIC CHUCK CLOSE POLE TYPE (HEAVY DUTY)-400X200X70 MM	NOS		85051900	CAT. NO UL709SPL-400X200 PERMANENT MAGNETIC CHUCK CLOSE POLE TYPE (HEAVY DUTY)-400X200X70 MM
PMCUL70915	PERMANENT MAGNETIC CHUCK CLOSE POLE TYPE (HEAVY DUTY)-450X300X120 MM	NOS		85051900	CAT. NO UL709SPL-450X300X120 PERMANENT MAGNETIC CHUCK CLOSE POLE TYPE (HEAVY DUTY)-450X300X120 MM
PMCUL70916	PERMANENT MAGNETIC CHUCK CLOSE POLE TYPE (HEAVY DUTY)-500X250X70 MM	NOS		85051900	CAT. NO UL709SPL-500X250 PERMANENT MAGNETIC CHUCK CLOSE POLE TYPE (HEAVY DUTY)-500X250X70 MM
PMCUL70917	PERMANENT MAGNETIC CHUCK CLOSE POLE TYPE (HEAVY DUTY)-500X300X70 MM	NOS		85051900	CAT. NO UL709SPL-500X300 PERMANENT MAGNETIC CHUCK CLOSE POLE TYPE (HEAVY DUTY)-500X300X70 MM
PMCUL72100	MICRO FINE PITCH PERMANENT MAGNETIC CHUCK-150X120X70 MM	NOS		85051900	CAT. NO UL72100 MICRO FINE PITCH PERMANENT MAGNETIC CHUCK-150X120X70 MM
PMCUL72101	MICRO FINE PITCH PERMANENT MAGNETIC CHUCK-250X150X70 MM	NOS		85051900	CAT. NO UL72101 MICRO FINE PITCH PERMANENT MAGNETIC CHUCK-250X150X70 MM
PMCUL72102	MICRO FINE PITCH PERMANENT MAGNETIC CHUCK-300X150X70 MM	NOS		85051900	CAT. NO UL72102 MICRO FINE PITCH PERMANENT MAGNETIC CHUCK-300X150X70 MM
PMCUL72103	MICRO FINE PITCH PERMANENT MAGNETIC CHUCK-350X150X70 MM	NOS		85051900	CAT. NO UL72103 MICRO FINE PITCH PERMANENT MAGNETIC CHUCK-350X150X70 MM
PMCUL72104	MICRO FINE PITCH PERMANENT MAGNETIC CHUCK-400X150X70 MM	NOS		85051900	CAT. NO UL72104 MICRO FINE PITCH PERMANENT MAGNETIC CHUCK-400X150X70 MM
PMCUL72105	MICRO FINE PITCH PERMANENT MAGNETIC CHUCK450X150X70 MM	NOS		85051900	CAT. NO UL72105 MICRO FINE PITCH PERMANENT MAGNETIC CHUCK450X150X70 MM
PMCUL72106	MICRO FINE PITCH PERMANENT MAGNETIC CHUCK450X200X70 MM	NOS		85051900	CAT. NO UL72106 MICRO FINE PITCH PERMANENT MAGNETIC CHUCK450X200X70 MM
PMCUL83700	PERMANENT MAGNETIC CHUCK FINE POLE-250X150X75 MM	NOS		85051900	CAT. NO UL83700 PERMANENT MAGNETIC CHUCK FINE POLE-250X150X75 MM
PMCUL83701	PERMANENT MAGNETIC CHUCK FINE POLE-300X150X75 MM	NOS		85051900	CAT. NO UL83701 PERMANENT MAGNETIC CHUCK FINE POLE-300X150X75 MM
PMCUL83702	PERMANENT MAGNETIC CHUCK FINE POLE-450X150X75 MM	NOS		85051900	CAT. NO UL83702 PERMANENT MAGNETIC CHUCK FINE POLE-450X150X75 MM
PMCUL83703	PERMANENT MAGNETIC CHUCK FINE POLE-300X200X75 MM	NOS		85051900	CAT. NO UL83703 PERMANENT MAGNETIC CHUCK FINE POLE-300X200X75 MM
PMCUL83704	PERMANENT MAGNETIC CHUCK FINE POLE-450X200X75 MM	NOS		85051900	CAT. NO UL83704 PERMANENT MAGNETIC CHUCK FINE POLE-450X200X75 MM
PMCUL83705	PERMANENT MAGNETIC CHUCK FINE POLE-500X200X75 MM	NOS		85051900	CAT. NO UL83705 PERMANENT MAGNETIC CHUCK FINE POLE-500X200X75 MM
PMCUL83706	PERMANENT MAGNETIC CHUCK FINE POLE-600X200X75 MM	NOS		85051900	CAT. NO UL83706 PERMANENT MAGNETIC CHUCK FINE POLE-600X200X75 MM
PMCUL83707	PERMANENT MAGNETIC CHUCK FINE POLE-450X250X75 MM	NOS		85051900	CAT. NO UL83707 PERMANENT MAGNETIC CHUCK FINE POLE-450X250X75 MM
PMCUL83708	PERMANENT MAGNETIC CHUCK FINE POLE-500X250X75 MM	NOS		85051900	CAT. NO UL83708 PERMANENT MAGNETIC CHUCK FINE POLE-500X250X75 MM
PMCUL83709	PERMANENT MAGNETIC CHUCK FINE POLE-600X250X75 MM	NOS		85051900	CAT. NO UL83709 PERMANENT MAGNETIC CHUCK FINE POLE-600X250X75 MM
PMCUL83710	PERMANENT MAGNETIC CHUCK FINE POLE-450X300X75 MM	NOS		85051900	CAT. NO UL83710 PERMANENT MAGNETIC CHUCK FINE POLE-450X300X75 MM
PMCUL83711	PERMANENT MAGNETIC CHUCK FINE POLE-600X300X75 MM	NOS		85051900	CAT. NO UL83711 PERMANENT MAGNETIC CHUCK FINE POLE-600X300X75 MM
PMCUL83712	PERMANENT MAGNETIC CHUCK FINE POLE-750X250X75 MM	NOS		85051900	CAT. NO UL83712 PERMANENT MAGNETIC CHUCK FINE POLE-750X250X75 MM
PMCUL83713	PERMANENT MAGNETIC CHUCK FINE POLE-750X300X75 MM	NOS		85051900	CAT. NO UL83713 PERMANENT MAGNETIC CHUCK FINE POLE-750X300X75 MM
PMCUL71001	ROUND MAGNETIC CHUCK DIA-100X70 MM	NOS		85051900	CAT. NO UL71001 ROUND MAGNETIC CHUCK DIA-100X70 MM
PMCUL71002	ROUND MAGNETIC CHUCK DIA-150X70 MM	NOS		85051900	CAT. NO UL71002 ROUND MAGNETIC CHUCK DIA-150X70 MM
PMCUL71003	ROUND MAGNETIC CHUCK DIA-160X70 MM	NOS		85051900	CAT. NO UL71003 ROUND MAGNETIC CHUCK DIA-160X70 MM
PMCUL71004	ROUND MAGNETIC CHUCK DIA-175X70 MM	NOS		85051900	CAT. NO UL71004 ROUND MAGNETIC CHUCK DIA-175X70 MM
PMCUL71005	ROUND MAGNETIC CHUCK DIA-200X70 MM	NOS		85051900	CAT. NO UL71005 ROUND MAGNETIC CHUCK DIA-200X70 MM
PMCUL71006	ROUND MAGNETIC CHUCK DIA-225X70 MM	NOS		85051900	CAT. NO UL71006 ROUND MAGNETIC CHUCK DIA-225X70 MM
PMCUL71007	ROUND MAGNETIC CHUCK DIA-250X70 MM	NOS		85051900	CAT. NO UL71007 ROUND MAGNETIC CHUCK DIA-250X70 MM
PMCUL71008	ROUND MAGNETIC CHUCK DIA-300X70 MM	NOS		85051900	CAT. NO UL71008 ROUND MAGNETIC CHUCK DIA-300X70 MM
PMCUL71009	ROUND MAGNETIC CHUCK DIA-375X70 MM	NOS		85051900	CAT. NO UL71009 ROUND MAGNETIC CHUCK DIA-375X70 MM
PMCUL71010	ROUND MAGNETIC CHUCK DIA-400X70 MM	NOS		85051900	CAT. NO UL71010 ROUND MAGNETIC CHUCK DIA-400X70 MM
PMCUL71011	ROUND MAGNETIC CHUCK DIA-450X70 MM	NOS		85051900	CAT. NO UL71011 ROUND MAGNETIC CHUCK DIA-450X70 MM
EMEUL71401	HEAVY DUTY ELECTROMAGNETIC RECTANGULAR CHUCK-450X150X105 MM	NOS		85051900	CAT. NO UL71401 HEAVY DUTY ELECTROMAGNETIC RECTANGULAR CHUCK-450X150X105 MM
EMEUL71402	HEAVY DUTY ELECTROMAGNETIC RECTANGULAR CHUCK-500X200X85 MM	NOS		85051900	CAT. NO UL71402 HEAVY DUTY ELECTROMAGNETIC RECTANGULAR CHUCK-500X200X85 MM
EMEUL71403	HEAVY DUTY ELECTROMAGNETIC RECTANGULAR CHUCK-600X200X85 MM	NOS		85051900	CAT. NO UL71403 HEAVY DUTY ELECTROMAGNETIC RECTANGULAR CHUCK-600X200X85 MM
EMEUL71404	HEAVY DUTY ELECTROMAGNETIC RECTANGULAR CHUCK-600X250X85 MM	NOS		85051900	CAT. NO UL71404 HEAVY DUTY ELECTROMAGNETIC RECTANGULAR CHUCK-600X250X85 MM
EMEUL71405	HEAVY DUTY ELECTROMAGNETIC RECTANGULAR CHUCK-750X250X85 MM	NOS		85051900	CAT. NO UL71405 HEAVY DUTY ELECTROMAGNETIC RECTANGULAR CHUCK-750X250X85 MM
EMEUL71406	HEAVY DUTY ELECTROMAGNETIC RECTANGULAR CHUCK-900X250X85 MM	NOS		85051900	CAT. NO UL71406 HEAVY DUTY ELECTROMAGNETIC RECTANGULAR CHUCK-900X250X85 MM
EMEUL71407	HEAVY DUTY ELECTROMAGNETIC RECTANGULAR CHUCK-600X300X85 MM	NOS		85051900	CAT. NO UL71407 HEAVY DUTY ELECTROMAGNETIC RECTANGULAR CHUCK-600X300X85 MM
EMEUL71408	HEAVY DUTY ELECTROMAGNETIC RECTANGULAR CHUCK-750X300X85 MM	NOS		85051900	CAT. NO UL71408 HEAVY DUTY ELECTROMAGNETIC RECTANGULAR CHUCK-750X300X85 MM
EMEUL71409	HEAVY DUTY ELECTROMAGNETIC RECTANGULAR CHUCK-900X300X85 MM	NOS		85051900	CAT. NO UL71409 HEAVY DUTY ELECTROMAGNETIC RECTANGULAR CHUCK-900X300X85 MM
EMEUL71410	HEAVY DUTY ELECTROMAGNETIC RECTANGULAR CHUCK-1000X250X90 MM	NOS		85051900	CAT. NO UL71410 HEAVY DUTY ELECTROMAGNETIC RECTANGULAR CHUCK-1000X250X90 MM
EMEUL71411	HEAVY DUTY ELECTROMAGNETIC RECTANGULAR CHUCK-1000X300X90 MM	NOS		85051900	CAT. NO UL71411 HEAVY DUTY ELECTROMAGNETIC RECTANGULAR CHUCK-1000X300X90 MM
EMEUL71412	HEAVY DUTY ELECTROMAGNETIC RECTANGULAR CHUCK-1500X250X100 MM	NOS		85051900	CAT. NO UL71412 HEAVY DUTY ELECTROMAGNETIC RECTANGULAR CHUCK-1500X250X100 MM
EMEUL71413	HEAVY DUTY ELECTROMAGNETIC RECTANGULAR CHUCK-1500X300X100 MM	NOS		85051900	CAT. NO UL71413 HEAVY DUTY ELECTROMAGNETIC RECTANGULAR CHUCK-1500X300X100 MM
EMEUL71414	HEAVY DUTY ELECTROMAGNETIC RECTANGULAR CHUCK-1500X400X100 MM	NOS		85051900	CAT. NO UL71414 HEAVY DUTY ELECTROMAGNETIC RECTANGULAR CHUCK-1500X400X100 MM
EMEUL71415	HEAVY DUTY ELECTROMAGNETIC RECTANGULAR CHUCK-800X400X85 MM	NOS		85051900	CAT. NO UL71415 HEAVY DUTY ELECTROMAGNETIC RECTANGULAR CHUCK-800X400X85 MM
EMEUL71415S	HEAVY DUTY ELECTROMAGNETIC RECTANGULAR CHUCK-800X400X95 MM	NOS		85051900	CAT. NO UL71415S HEAVY DUTY ELECTROMAGNETIC RECTANGULAR CHUCK-800X400X95 MM
EMEUL71416	HEAVY DUTY ELECTROMAGNETIC RECTANGULAR CHUCK-1200X500X100 MM	NOS		85051900	CAT. NO UL71416 HEAVY DUTY ELECTROMAGNETIC RECTANGULAR CHUCK-1200X500X100 MM
EMEUL71417	HEAVY DUTY ELECTROMAGNETIC RECTANGULAR CHUCK-1000X500X100 MM	NOS		85051900	CAT. NO UL71417 HEAVY DUTY ELECTROMAGNETIC RECTANGULAR CHUCK-1000X500X100 MM
EMEUL71418	HEAVY DUTY ELECTROMAGNETIC RECTANGULAR CHUCK-700X400X85 MM	NOS		85051900	CAT. NO UL71418 HEAVY DUTY ELECTROMAGNETIC RECTANGULAR CHUCK-700X400X85 MM
EMEUL71419	HEAVY DUTY ELECTROMAGNETIC RECTANGULAR CHUCK-1000X400X85 MM	NOS		85051900	CAT. NO UL71419 HEAVY DUTY ELECTROMAGNETIC RECTANGULAR CHUCK-1000X400X85 MM
EMEUL71420	HEAVY DUTY ELECTROMAGNETIC RECTANGULAR CHUCK-500X250X85 MM	NOS		85051900	CAT. NO UL71420 HEAVY DUTY ELECTROMAGNETIC RECTANGULAR CHUCK-500X250X85 MM
EMEUL71421	HEAVY DUTY ELECTROMAGNETIC RECTANGULAR CHUCK-1100X500X100 MM	NOS		85051900	CAT. NO UL71421 HEAVY DUTY ELECTROMAGNETIC RECTANGULAR CHUCK-1100X500X100 MM
EMEUL71422	HEAVY DUTY ELECTROMAGNETIC RECTANGULAR CHUCK-1500X700X100 MM	NOS		85051900	CAT. NO UL71422 HEAVY DUTY ELECTROMAGNETIC RECTANGULAR CHUCK-1500X700X100 MM
EMEUL71423	HEAVY DUTY ELECTROMAGNETIC RECTANGULAR CHUCK-1500X750X100 MM	NOS		85051900	CAT. NO UL71423 HEAVY DUTY ELECTROMAGNETIC RECTANGULAR CHUCK-1500X750X100 MM
EMEUL71424	HEAVY DUTY ELECTROMAGNETIC RECTANGULAR CHUCK-1200X600X100 MM	NOS		85051900	CAT. NO UL71424 HEAVY DUTY ELECTROMAGNETIC RECTANGULAR CHUCK-1200X600X100 MM
EMEUL71425	HEAVY DUTY ELECTROMAGNETIC RECTANGULAR CHUCK-1300X600X100 MM	NOS		85051900	CAT. NO UL71425 HEAVY DUTY ELECTROMAGNETIC RECTANGULAR CHUCK-1300X600X100 MM
EMEUL71501	HEAVY DUTY FINE PITCH MULTI COIL ELECTRO MAGNETIC CHUCK-450X150X105 MM	NOS		85051900	CAT. NO UL71501 HEAVY DUTY FINE PITCH MULTI COIL ELECTRO MAGNETIC CHUCK-450X150X105 MM
EMEUL71502	HEAVY DUTY FINE PITCH MULTI COIL ELECTRO MAGNETIC CHUCK-500X200X85 MM	NOS		85051900	CAT. NO UL71502 HEAVY DUTY FINE PITCH MULTI COIL ELECTRO MAGNETIC CHUCK-500X200X85 MM
EMEUL71503	HEAVY DUTY FINE PITCH MULTI COIL ELECTRO MAGNETIC CHUCK-600X200X85 MM	NOS		85051900	CAT. NO UL71503 HEAVY DUTY FINE PITCH MULTI COIL ELECTRO MAGNETIC CHUCK-600X200X85 MM
EMEUL71504	HEAVY DUTY FINE PITCH MULTI COIL ELECTRO MAGNETIC CHUCK-600X250X85 MM	NOS		85051900	CAT. NO UL71504 HEAVY DUTY FINE PITCH MULTI COIL ELECTRO MAGNETIC CHUCK-600X250X85 MM
EMEUL71505	HEAVY DUTY FINE PITCH MULTI COIL ELECTRO MAGNETIC CHUCK-750X250X85 MM	NOS		85051900	CAT. NO UL71505 HEAVY DUTY FINE PITCH MULTI COIL ELECTRO MAGNETIC CHUCK-750X250X85 MM
EMEUL71506	HEAVY DUTY FINE PITCH MULTI COIL ELECTRO MAGNETIC CHUCK-900X250X85 MM	NOS		85051900	CAT. NO UL71506 HEAVY DUTY FINE PITCH MULTI COIL ELECTRO MAGNETIC CHUCK-900X250X85 MM
EMEUL71507	HEAVY DUTY FINE PITCH MULTI COIL ELECTRO MAGNETIC CHUCK-600X300X85 MM	NOS		85051900	CAT. NO UL71507 HEAVY DUTY FINE PITCH MULTI COIL ELECTRO MAGNETIC CHUCK-600X300X85 MM
EMEUL71508	HEAVY DUTY FINE PITCH MULTI COIL ELECTRO MAGNETIC CHUCK-750X300X85 MM	NOS		85051900	CAT. NO UL71508 HEAVY DUTY FINE PITCH MULTI COIL ELECTRO MAGNETIC CHUCK-750X300X85 MM
EMEUL71509	HEAVY DUTY FINE PITCH MULTI COIL ELECTRO MAGNETIC CHUCK-900X300X85 MM	NOS		85051900	CAT. NO UL71509 HEAVY DUTY FINE PITCH MULTI COIL ELECTRO MAGNETIC CHUCK-900X300X85 MM
EMEUL71510	HEAVY DUTY FINE PITCH MULTI COIL ELECTRO MAGNETIC CHUCK-1000X250X90 MM	NOS		85051900	CAT. NO UL71510 HEAVY DUTY FINE PITCH MULTI COIL ELECTRO MAGNETIC CHUCK-1000X250X90 MM
EMEUL71511	HEAVY DUTY FINE PITCH MULTI COIL ELECTRO MAGNETIC CHUCK-1000X300X90 MM	NOS		85051900	CAT. NO UL71511 HEAVY DUTY FINE PITCH MULTI COIL ELECTRO MAGNETIC CHUCK-1000X300X90 MM
EMEUL71512	HEAVY DUTY FINE PITCH MULTI COIL ELECTRO MAGNETIC CHUCK-1500X250X100 MM	NOS		85051900	CAT. NO UL71512 HEAVY DUTY FINE PITCH MULTI COIL ELECTRO MAGNETIC CHUCK-1500X250X100 MM
EMEUL71513	HEAVY DUTY FINE PITCH MULTI COIL ELECTRO MAGNETIC CHUCK-1500X300X100 MM	NOS		85051900	CAT. NO UL71513 HEAVY DUTY FINE PITCH MULTI COIL ELECTRO MAGNETIC CHUCK-1500X300X100 MM
EMEUL71514	HEAVY DUTY FINE PITCH MULTI COIL ELECTRO MAGNETIC CHUCK-1500X400X100 MM	NOS		85051900	CAT. NO UL71514 HEAVY DUTY FINE PITCH MULTI COIL ELECTRO MAGNETIC CHUCK-1500X400X100 MM
EMEUL71515	HEAVY DUTY FINE PITCH MULTI COIL ELECTRO MAGNETIC CHUCK-800X400X100 MM	NOS		85051900	CAT. NO UL71515 HEAVY DUTY FINE PITCH MULTI COIL ELECTRO MAGNETIC CHUCK-800X400X100 MM
EMEUL71516	HEAVY DUTY FINE PITCH MULTI COIL ELECTRO MAGNETIC CHUCK-1200X400X100 MM	NOS		85051900	CAT. NO UL71516 HEAVY DUTY FINE PITCH MULTI COIL ELECTRO MAGNETIC CHUCK-1200X400X100 MM
EMEUL71517	HEAVY DUTY FINE PITCH MULTI COIL ELECTRO MAGNETIC CHUCK-1000X500X85 MM	NOS		85051900	CAT. NO UL71517 HEAVY DUTY FINE PITCH MULTI COIL ELECTRO MAGNETIC CHUCK-1000X500X85 MM
EMEUL71518	HEAVY DUTY FINE PITCH MULTI COIL ELECTRO MAGNETIC CHUCK-700X400X85 MM	NOS		85051900	CAT. NO UL71518 HEAVY DUTY FINE PITCH MULTI COIL ELECTRO MAGNETIC CHUCK-700X400X85 MM
EMEUL71519	HEAVY DUTY FINE PITCH MULTI COIL ELECTRO MAGNETIC CHUCK-1000X400X85 MM	NOS		85051900	CAT. NO UL71519 HEAVY DUTY FINE PITCH MULTI COIL ELECTRO MAGNETIC CHUCK-1000X400X85 MM
EMEUL71520	HEAVY DUTY FINE PITCH MULTI COIL ELECTRO MAGNETIC CHUCK-500X250X85 MM	NOS		85051900	CAT. NO UL71520 HEAVY DUTY FINE PITCH MULTI COIL ELECTRO MAGNETIC CHUCK-500X250X85 MM
EMEUL71521	HEAVY DUTY FINE PITCH MULTI COIL ELECTRO MAGNETIC CHUCK-1100X500X100 MM	NOS		85051900	CAT. NO UL71521 HEAVY DUTY FINE PITCH MULTI COIL ELECTRO MAGNETIC CHUCK-1100X500X100 MM
EMEUL71522	HEAVY DUTY FINE PITCH MULTI COIL ELECTRO MAGNETIC CHUCK-1500X700X100 MM	NOS		85051900	CAT. NO UL71522 HEAVY DUTY FINE PITCH MULTI COIL ELECTRO MAGNETIC CHUCK-1500X700X100 MM
EMEUL71523	HEAVY DUTY FINE PITCH MULTI COIL ELECTRO MAGNETIC CHUCK-1500X750X100 MM	NOS		85051900	CAT. NO UL71523 HEAVY DUTY FINE PITCH MULTI COIL ELECTRO MAGNETIC CHUCK-1500X750X100 MM
EMEUL71524	HEAVY DUTY FINE PITCH MULTI COIL ELECTRO MAGNETIC CHUCK-1200X600X100 MM	NOS		85051900	CAT. NO UL71524 HEAVY DUTY FINE PITCH MULTI COIL ELECTRO MAGNETIC CHUCK-1200X600X100 MM
EMEUL71525	HEAVY DUTY FINE PITCH MULTI COIL ELECTRO MAGNETIC CHUCK-1300X600X100 MM	NOS		85051900	CAT. NO UL71525 HEAVY DUTY FINE PITCH MULTI COIL ELECTRO MAGNETIC CHUCK-1300X600X100 MM
EMEUL83601	HEAVY DUTY FINE PITCH MULTI COIL ELECTRO MAGNETIC CHUCK-450X150X105 MM	NOS		85051900	CAT. NO UL83601 HEAVY DUTY FINE PITCH MULTI COIL ELECTRO MAGNETIC CHUCK-450X150X105 MM
EMEUL83602	HEAVY DUTY FINE PITCH MULTI COIL ELECTRO MAGNETIC CHUCK-500X200X85 MM	NOS		85051900	CAT. NO UL83602 HEAVY DUTY FINE PITCH MULTI COIL ELECTRO MAGNETIC CHUCK-500X200X85 MM
EMEUL83603	HEAVY DUTY FINE PITCH MULTI COIL ELECTRO MAGNETIC CHUCK-600X200X85 MM	NOS		85051900	CAT. NO UL83603 HEAVY DUTY FINE PITCH MULTI COIL ELECTRO MAGNETIC CHUCK-600X200X85 MM
EMEUL83604	HEAVY DUTY FINE PITCH MULTI COIL ELECTRO MAGNETIC CHUCK-600X250X85 MM	NOS		85051900	CAT. NO UL83604 HEAVY DUTY FINE PITCH MULTI COIL ELECTRO MAGNETIC CHUCK-600X250X85 MM
EMEUL83605	HEAVY DUTY FINE PITCH MULTI COIL ELECTRO MAGNETIC CHUCK-750X250X85 MM	NOS		85051900	CAT. NO UL83605 HEAVY DUTY FINE PITCH MULTI COIL ELECTRO MAGNETIC CHUCK-750X250X85 MM
EMEUL83606	HEAVY DUTY FINE PITCH MULTI COIL ELECTRO MAGNETIC CHUCK-900X250X85 MM	NOS		85051900	CAT. NO UL83606 HEAVY DUTY FINE PITCH MULTI COIL ELECTRO MAGNETIC CHUCK-900X250X85 MM
EMEUL83607	HEAVY DUTY FINE PITCH MULTI COIL ELECTRO MAGNETIC CHUCK-600X300X85 MM	NOS		85051900	CAT. NO UL83607 HEAVY DUTY FINE PITCH MULTI COIL ELECTRO MAGNETIC CHUCK-600X300X85 MM
EMEUL83608	HEAVY DUTY FINE PITCH MULTI COIL ELECTRO MAGNETIC CHUCK-750X300X85 MM	NOS		85051900	CAT. NO UL83608 HEAVY DUTY FINE PITCH MULTI COIL ELECTRO MAGNETIC CHUCK-750X300X85 MM
EMEUL83609	HEAVY DUTY FINE PITCH MULTI COIL ELECTRO MAGNETIC CHUCK-900X300X85 MM	NOS		85051900	CAT. NO UL83609 HEAVY DUTY FINE PITCH MULTI COIL ELECTRO MAGNETIC CHUCK-900X300X85 MM
EMEUL83610	HEAVY DUTY FINE PITCH MULTI COIL ELECTRO MAGNETIC CHUCK-1000X250X90 MM	NOS		85051900	CAT. NO UL83610 HEAVY DUTY FINE PITCH MULTI COIL ELECTRO MAGNETIC CHUCK-1000X250X90 MM
EMEUL83611	HEAVY DUTY FINE PITCH MULTI COIL ELECTRO MAGNETIC CHUCK-1000X300X90 MM	NOS		85051900	CAT. NO UL83611 HEAVY DUTY FINE PITCH MULTI COIL ELECTRO MAGNETIC CHUCK-1000X300X90 MM
EMEUL83612	HEAVY DUTY FINE PITCH MULTI COIL ELECTRO MAGNETIC CHUCK-1500X250X100 MM	NOS		85051900	CAT. NO UL83612 HEAVY DUTY FINE PITCH MULTI COIL ELECTRO MAGNETIC CHUCK-1500X250X100 MM
EMEUL83613	HEAVY DUTY FINE PITCH MULTI COIL ELECTRO MAGNETIC CHUCK-1500X300X100 MM	NOS		85051900	CAT. NO UL83613 HEAVY DUTY FINE PITCH MULTI COIL ELECTRO MAGNETIC CHUCK-1500X300X100 MM
EMEUL83614	HEAVY DUTY FINE PITCH MULTI COIL ELECTRO MAGNETIC CHUCK-800X400X95 MM	NOS		85051900	CAT. NO UL83614 HEAVY DUTY FINE PITCH MULTI COIL ELECTRO MAGNETIC CHUCK-800X400X95 MM
EMEUL83615	HEAVY DUTY FINE PITCH MULTI COIL ELECTRO MAGNETIC CHUCK-1200X400X100 MM	NOS		85051900	CAT. NO UL83615 HEAVY DUTY FINE PITCH MULTI COIL ELECTRO MAGNETIC CHUCK-1200X400X100 MM
EMEUL83616	HEAVY DUTY FINE PITCH MULTI COIL ELECTRO MAGNETIC CHUCK-1200X500X100 MM	NOS		85051900	CAT. NO UL83616 HEAVY DUTY FINE PITCH MULTI COIL ELECTRO MAGNETIC CHUCK-1200X500X100 MM
EMEUL83617	HEAVY DUTY FINE PITCH MULTI COIL ELECTRO MAGNETIC CHUCK-1000X500X90MM	NOS		85051900	CAT. NO UL83617 HEAVY DUTY FINE PITCH MULTI COIL ELECTRO MAGNETIC CHUCK-1000X500X90MM
EMEUL83618	HEAVY DUTY FINE PITCH MULTI COIL ELECTRO MAGNETIC CHUCK-700X400X95 MM	NOS		85051900	CAT. NO UL83618 HEAVY DUTY FINE PITCH MULTI COIL ELECTRO MAGNETIC CHUCK-700X400X95 MM
EMEUL83619	HEAVY DUTY FINE PITCH MULTI COIL ELECTRO MAGNETIC CHUCK-1000X400X90 MM	NOS		85051900	CAT. NO UL83619 HEAVY DUTY FINE PITCH MULTI COIL ELECTRO MAGNETIC CHUCK-1000X400X90 MM
EMEUL83620	HEAVY DUTY FINE PITCH MULTI COIL ELECTRO MAGNETIC CHUCK-500X250X85 MM	NOS		85051900	CAT. NO UL83620 HEAVY DUTY FINE PITCH MULTI COIL ELECTRO MAGNETIC CHUCK-500X250X85 MM
EMEUL83621	HEAVY DUTY FINE PITCH MULTI COIL ELECTRO MAGNETIC CHUCK-1100X500X100 MM	NOS		85051900	CAT. NO UL83621 HEAVY DUTY FINE PITCH MULTI COIL ELECTRO MAGNETIC CHUCK-1100X500X100 MM
EMEUL83622	HEAVY DUTY FINE PITCH MULTI COIL ELECTRO MAGNETIC CHUCK-1500X700X100 MM	NOS		85051900	CAT. NO UL83622 HEAVY DUTY FINE PITCH MULTI COIL ELECTRO MAGNETIC CHUCK-1500X700X100 MM
EMEUL83623	HEAVY DUTY FINE PITCH MULTI COIL ELECTRO MAGNETIC CHUCK-1500X750X100 MM	NOS		85051900	CAT. NO UL83623 HEAVY DUTY FINE PITCH MULTI COIL ELECTRO MAGNETIC CHUCK-1500X750X100 MM
EMEUL83624	HEAVY DUTY FINE PITCH MULTI COIL ELECTRO MAGNETIC CHUCK-1200X600X100 MM	NOS		85051900	CAT. NO UL83624 HEAVY DUTY FINE PITCH MULTI COIL ELECTRO MAGNETIC CHUCK-1200X600X100 MM
EMEUL83625	HEAVY DUTY FINE PITCH MULTI COIL ELECTRO MAGNETIC CHUCK-1300X600X100 MM	NOS		85051900	CAT. NO UL83625 HEAVY DUTY FINE PITCH MULTI COIL ELECTRO MAGNETIC CHUCK-1300X600X100 MM
EMEUL83626	HEAVY DUTY FINE PITCH MULTI COIL ELECTRO MAGNETIC CHUCK-420X210X90 MM	NOS		85051900	CAT. NO UL83625 HEAVY DUTY FINE PITCH MULTI COIL ELECTRO MAGNETIC CHUCK-420X210X90 MM
EMPUL83901	MODULAR ELECTROPERMANENT MAGNET DIA-150 MM	NOS		85051900	CAT. NO UL839SPL-DIA150 MODULAR ELECTROPERMANENT MAGNET DIA-150 MM
EMEUL72201	MULTI COIL MICRO FINE PITCH ELECTRO MAGNETIC CHUCK-450X150X100 MM	NOS		85051900	CAT. NO UL72201 MULTI COIL MICRO FINE PITCH ELECTRO MAGNETIC CHUCK-450X150X100 MM
EMEUL72202	MULTI COIL MICRO FINE PITCH ELECTRO MAGNETIC CHUCK-450X200X85 MM	NOS		85051900	CAT. NO UL72202 MULTI COIL MICRO FINE PITCH ELECTRO MAGNETIC CHUCK-450X200X85 MM
EMEUL72203	MULTI COIL MICRO FINE PITCH ELECTRO MAGNETIC CHUCK-500X200X85 MM	NOS		85051900	CAT. NO UL72203 MULTI COIL MICRO FINE PITCH ELECTRO MAGNETIC CHUCK-500X200X85 MM
EMEUL72204	MULTI COIL MICRO FINE PITCH ELECTRO MAGNETIC CHUCK-600X200X85 MM	NOS		85051900	CAT. NO UL72204 MULTI COIL MICRO FINE PITCH ELECTRO MAGNETIC CHUCK-600X200X85 MM
EMEUL72205	MULTI COIL MICRO FINE PITCH ELECTRO MAGNETIC CHUCK-750X250X85 MM	NOS		85051900	CAT. NO UL72205 MULTI COIL MICRO FINE PITCH ELECTRO MAGNETIC CHUCK-750X250X85 MM
EMPUL71901	ELECTRO PERMANENT MAGENTIC CHUCK (70 X 70) QUARD POLE-600X320X80 MM	NOS		85051900	CAT. NO UL71901 ELECTRO PERMANENT MAGENTIC CHUCK (70 X 70) QUARD POLE-600X320X80 MM
EMPUL71902	ELECTRO PERMANENT MAGENTIC CHUCK (70 X 70) QUARD POLE-750X320X90 MM	NOS		85051900	CAT. NO UL71902 ELECTRO PERMANENT MAGENTIC CHUCK (70 X 70) QUARD POLE-750X320X90 MM
EMPUL71903	ELECTRO PERMANENT MAGENTIC CHUCK (70 X 70) QUARD POLE-1000X320X90 MM	NOS		85051900	CAT. NO UL71903 ELECTRO PERMANENT MAGENTIC CHUCK (70 X 70) QUARD POLE-1000X320X90 MM
EMPUL71904	ELECTRO PERMANENT MAGENTIC CHUCK (70 X 70) QUARD POLE-1500X320X90 MM	NOS		85051900	CAT. NO UL71904 ELECTRO PERMANENT MAGENTIC CHUCK (70 X 70) QUARD POLE-1500X320X90 MM
EMPUL71905	ELECTRO PERMANENT MAGENTIC CHUCK (70 X 70) QUARD POLE-600X410X80 MM	NOS		85051900	CAT. NO UL71905 ELECTRO PERMANENT MAGENTIC CHUCK (70 X 70) QUARD POLE-600X410X80 MM
EMPUL71906	ELECTRO PERMANENT MAGENTIC CHUCK (70 X 70) QUARD POLE-750X410X90 MM	NOS		85051900	CAT. NO UL71906 ELECTRO PERMANENT MAGENTIC CHUCK (70 X 70) QUARD POLE-750X410X90 MM
EMPUL71907	ELECTRO PERMANENT MAGENTIC CHUCK (70 X 70) QUARD POLE-1000X410X90 MM	NOS		85051900	CAT. NO UL71907 ELECTRO PERMANENT MAGENTIC CHUCK (70 X 70) QUARD POLE-1000X410X90 MM
EMPUL71908	ELECTRO PERMANENT MAGENTIC CHUCK (70 X 70) QUARD POLE-1500X410X90 MM	NOS		85051900	CAT. NO UL71908 ELECTRO PERMANENT MAGENTIC CHUCK (70 X 70) QUARD POLE-1500X410X90 MM
EMPUL71909	ELECTRO PERMANENT MAGENTIC CHUCK (70 X 70) QUARD POLE-410X410X80 MM	NOS		85051900	CAT. NO UL71909 ELECTRO PERMANENT MAGENTIC CHUCK (70 X 70) QUARD POLE-410X410X80 MM
EMPUL71910	ELECTRO PERMANENT MAGENTIC CHUCK (70 X 70) QUARD POLE-800X410X90 MM	NOS		85051900	CAT. NO UL71910 ELECTRO PERMANENT MAGENTIC CHUCK (70 X 70) QUARD POLE-800X410X90 MM
EMPUL71911	ELECTRO PERMANENT MAGENTIC CHUCK (70 X 70) QUARD POLE-1000X500X90 MM	NOS		85051900	CAT. NO UL71911 ELECTRO PERMANENT MAGENTIC CHUCK (70 X 70) QUARD POLE-1000X500X90 MM
EMPUL71912	ELECTRO PERMANENT MAGENTIC CHUCK (70 X 70) QUARD POLE-1000X800X90 MM	NOS		85051900	CAT. NO UL719SPL-1000X800 ELECTRO PERMANENT MAGENTIC CHUCK (70 X 70) QUARD POLE-1000X800X90 MM
EMPUL71801	ELECTRO PERMANENT MAGENTIC CHUCK (47X47) QUARD POLE-500X200X80 MM	NOS		85051900	CAT. NO UL71801 ELECTRO PERMANENT MAGENTIC CHUCK (47X47) QUARD POLE-500X200X80 MM
EMPUL71802	ELECTRO PERMANENT MAGENTIC CHUCK (47X47) QUARD POLE-600X200X80 MM	NOS		85051900	CAT. NO UL71802 ELECTRO PERMANENT MAGENTIC CHUCK (47X47) QUARD POLE-600X200X80 MM
EMPUL71803	ELECTRO PERMANENT MAGENTIC CHUCK (47X47) QUARD POLE-600X250X80 MM	NOS		85051900	CAT. NO UL71803 ELECTRO PERMANENT MAGENTIC CHUCK (47X47) QUARD POLE-600X250X80 MM
EMPUL71804	ELECTRO PERMANENT MAGENTIC CHUCK (47X47) QUARD POLE-600X300X80 MM	NOS		85051900	CAT. NO UL71804 ELECTRO PERMANENT MAGENTIC CHUCK (47X47) QUARD POLE-600X300X80 MM
EMPUL71805	ELECTRO PERMANENT MAGENTIC CHUCK (47X47) QUARD POLE-600X400X80 MM	NOS		85051900	CAT. NO UL71805 ELECTRO PERMANENT MAGENTIC CHUCK (47X47) QUARD POLE-600X400X80 MM
EMPUL71806	ELECTRO PERMANENT MAGENTIC CHUCK (47X47) QUARD POLE-750X250X90 MM	NOS		85051900	CAT. NO UL71806 ELECTRO PERMANENT MAGENTIC CHUCK (47X47) QUARD POLE-750X250X90 MM
EMPUL71807	ELECTRO PERMANENT MAGENTIC CHUCK (47X47) QUARD POLE-750X300X90 MM	NOS		85051900	CAT. NO UL71807 ELECTRO PERMANENT MAGENTIC CHUCK (47X47) QUARD POLE-750X300X90 MM
EMPUL71808	ELECTRO PERMANENT MAGENTIC CHUCK (47X47) QUARD POLE-1000X250X90 MM	NOS		85051900	CAT. NO UL71808 ELECTRO PERMANENT MAGENTIC CHUCK (47X47) QUARD POLE-1000X250X90 MM
EMPUL71809	ELECTRO PERMANENT MAGENTIC CHUCK (47X47) QUARD POLE-400X400X90 MM	NOS		85051900	CAT. NO UL71809 ELECTRO PERMANENT MAGENTIC CHUCK (47X47) QUARD POLE-400X400X90 MM
EMPUL71810	ELECTRO PERMANENT MAGENTIC CHUCK (47X47) QUARD POLE-800X400X90 MM	NOS		85051900	CAT. NO UL71810 ELECTRO PERMANENT MAGENTIC CHUCK (47X47) QUARD POLE-800X400X90 MM
EMPUL71811	ELECTRO PERMANENT MAGENTIC CHUCK (47X47) QUARD POLE-1000X500X90 MM	NOS		85051900	CAT. NO UL71811 ELECTRO PERMANENT MAGENTIC CHUCK (47X47) QUARD POLE-1000X500X90 MM
EMPUL81601	ELECTROPERMANENT MAGNETIC CHUCK FOR HORIZONTAL MACHINING	NOS		85051900	CAT. NO UL81601 ELECTROPERMANENT MAGNETIC CHUCK FOR HORIZONTAL MACHINING
EMPUL72301	FINE PITCH ELECTROPERMANENT MAGNETIC CHUCK FOR GRIDING MACHINE POLE GAP 6.5MM-450X150X105 MM	NOS		85051900	CAT. NO UL72301 FINE PITCH ELECTROPERMANENT MAGNETIC CHUCK FOR GRIDING MACHINE POLE GAP 6.5MM-450X150X105 MM
EMPUL72302	FINE PITCH ELECTROPERMANENT MAGNETIC CHUCK FOR GRIDING MACHINE POLE GAP 6.5MM-500X200X95 MM	NOS		85051900	CAT. NO UL72302 FINE PITCH ELECTROPERMANENT MAGNETIC CHUCK FOR GRIDING MACHINE POLE GAP 6.5MM-500X200X95 MM
EMPUL72303	FINE PITCH ELECTROPERMANENT MAGNETIC CHUCK FOR GRIDING MACHINE POLE GAP 6.5MM-600X200X95 MM	NOS		85051900	CAT. NO UL72303 FINE PITCH ELECTROPERMANENT MAGNETIC CHUCK FOR GRIDING MACHINE POLE GAP 6.5MM-600X200X95 MM
EMPUL72304	FINE PITCH ELECTROPERMANENT MAGNETIC CHUCK FOR GRIDING MACHINE POLE GAP 6.5MM-600X250X95 MM	NOS		85051900	CAT. NO UL72304 FINE PITCH ELECTROPERMANENT MAGNETIC CHUCK FOR GRIDING MACHINE POLE GAP 6.5MM-600X250X95 MM
EMPUL72305	FINE PITCH ELECTROPERMANENT MAGNETIC CHUCK FOR GRIDING MACHINE POLE GAP 6.5MM-750X250X95 MM	NOS		85051900	CAT. NO UL72305 FINE PITCH ELECTROPERMANENT MAGNETIC CHUCK FOR GRIDING MACHINE POLE GAP 6.5MM-750X250X95 MM
EMPUL72306	FINE PITCH ELECTROPERMANENT MAGNETIC CHUCK FOR GRIDING MACHINE POLE GAP 6.5MM-900X250X95 MM	NOS		85051900	CAT. NO UL72306 FINE PITCH ELECTROPERMANENT MAGNETIC CHUCK FOR GRIDING MACHINE POLE GAP 6.5MM-900X250X95 MM
EMPUL72307	FINE PITCH ELECTROPERMANENT MAGNETIC CHUCK FOR GRIDING MACHINE POLE GAP 6.5MM-600X300X95 MM	NOS		85051900	CAT. NO UL72307 FINE PITCH ELECTROPERMANENT MAGNETIC CHUCK FOR GRIDING MACHINE POLE GAP 6.5MM-600X300X95 MM
EMPUL72308	FINE PITCH ELECTROPERMANENT MAGNETIC CHUCK FOR GRIDING MACHINE POLE GAP 6.5MM-750X300X95 MM	NOS		85051900	CAT. NO UL72308 FINE PITCH ELECTROPERMANENT MAGNETIC CHUCK FOR GRIDING MACHINE POLE GAP 6.5MM-750X300X95 MM
EMPUL72309	FINE PITCH ELECTROPERMANENT MAGNETIC CHUCK FOR GRIDING MACHINE POLE GAP 6.5MM-900X300X95 MM	NOS		85051900	CAT. NO UL72309 FINE PITCH ELECTROPERMANENT MAGNETIC CHUCK FOR GRIDING MACHINE POLE GAP 6.5MM-900X300X95 MM
EMPUL72310	FINE PITCH ELECTROPERMANENT MAGNETIC CHUCK FOR GRIDING MACHINE POLE GAP 6.5MM-1000X250X100 MM	NOS		85051900	CAT. NO UL72310 FINE PITCH ELECTROPERMANENT MAGNETIC CHUCK FOR GRIDING MACHINE POLE GAP 6.5MM-1000X250X100 MM
EMPUL72311	FINE PITCH ELECTROPERMANENT MAGNETIC CHUCK FOR GRIDING MACHINE POLE GAP 6.5MM-1000X300X100 MM	NOS		85051900	CAT. NO UL72311 FINE PITCH ELECTROPERMANENT MAGNETIC CHUCK FOR GRIDING MACHINE POLE GAP 6.5MM-1000X300X100 MM
EMPUL72312	FINE PITCH ELECTROPERMANENT MAGNETIC CHUCK FOR GRIDING MACHINE POLE GAP 6.5MM-1500X250X100 MM	NOS		85051900	CAT. NO UL72312 FINE PITCH ELECTROPERMANENT MAGNETIC CHUCK FOR GRIDING MACHINE POLE GAP 6.5MM-1500X250X100 MM
EMPUL72313	FINE PITCH ELECTROPERMANENT MAGNETIC CHUCK FOR GRIDING MACHINE POLE GAP 6.5MM-1500X300X100 MM	NOS		85051900	CAT. NO UL72313 FINE PITCH ELECTROPERMANENT MAGNETIC CHUCK FOR GRIDING MACHINE POLE GAP 6.5MM-1500X300X100 MM
EMPUL72314	FINE PITCH ELECTROPERMANENT MAGNETIC CHUCK FOR GRIDING MACHINE POLE GAP 6.5MM-1500X400X100 MM	NOS		85051900	CAT. NO UL72314 FINE PITCH ELECTROPERMANENT MAGNETIC CHUCK FOR GRIDING MACHINE POLE GAP 6.5MM-1500X400X100 MM
EMPUL72315	FINE PITCH ELECTROPERMANENT MAGNETIC CHUCK FOR GRIDING MACHINE POLE GAP 6.5MM-1000X500X100 MM	NOS		85051900	CAT. NO UL72315 FINE PITCH ELECTROPERMANENT MAGNETIC CHUCK FOR GRIDING MACHINE POLE GAP 6.5MM-1000X500X100 MM
EMPUL71701	FINE PITCH ELECTROPERMANENT MAGNETIC CHUCK FOR GRIDING MACHINE POLE GAP 6.5MM-450X150X105 MM	NOS		85051900	CAT. NO UL71701 FINE PITCH ELECTROPERMANENT MAGNETIC CHUCK FOR GRIDING MACHINE POLE GAP 6.5MM-450X150X105 MM
EMPUL71702	FINE PITCH ELECTROPERMANENT MAGNETIC CHUCK FOR GRIDING MACHINE POLE GAP 6.5MM-500X200X95 MM	NOS		85051900	CAT. NO UL71702 FINE PITCH ELECTROPERMANENT MAGNETIC CHUCK FOR GRIDING MACHINE POLE GAP 6.5MM-500X200X95 MM
EMPUL71703	FINE PITCH ELECTROPERMANENT MAGNETIC CHUCK FOR GRIDING MACHINE POLE GAP 6.5MM-600X200X95 MM	NOS		85051900	CAT. NO UL71703 FINE PITCH ELECTROPERMANENT MAGNETIC CHUCK FOR GRIDING MACHINE POLE GAP 6.5MM-600X200X95 MM
EMPUL71704	FINE PITCH ELECTROPERMANENT MAGNETIC CHUCK FOR GRIDING MACHINE POLE GAP 6.5MM-600X250X95 MM	NOS		85051900	CAT. NO UL71704 FINE PITCH ELECTROPERMANENT MAGNETIC CHUCK FOR GRIDING MACHINE POLE GAP 6.5MM-600X250X95 MM
EMPUL71705	FINE PITCH ELECTROPERMANENT MAGNETIC CHUCK FOR GRIDING MACHINE POLE GAP 6.5MM-750X250X95 MM	NOS		85051900	CAT. NO UL71705 FINE PITCH ELECTROPERMANENT MAGNETIC CHUCK FOR GRIDING MACHINE POLE GAP 6.5MM-750X250X95 MM
EMPUL71706	FINE PITCH ELECTROPERMANENT MAGNETIC CHUCK FOR GRIDING MACHINE POLE GAP 6.5MM-900X250X95 MM	NOS		85051900	CAT. NO UL71706 FINE PITCH ELECTROPERMANENT MAGNETIC CHUCK FOR GRIDING MACHINE POLE GAP 6.5MM-900X250X95 MM
EMPUL71707	FINE PITCH ELECTROPERMANENT MAGNETIC CHUCK FOR GRIDING MACHINE POLE GAP 6.5MM-600X300X95 MM	NOS		85051900	CAT. NO UL71707 FINE PITCH ELECTROPERMANENT MAGNETIC CHUCK FOR GRIDING MACHINE POLE GAP 6.5MM-600X300X95 MM
EMPUL71708	FINE PITCH ELECTROPERMANENT MAGNETIC CHUCK FOR GRIDING MACHINE POLE GAP 6.5MM-750X300X95 MM	NOS		85051900	CAT. NO UL71708 FINE PITCH ELECTROPERMANENT MAGNETIC CHUCK FOR GRIDING MACHINE POLE GAP 6.5MM-750X300X95 MM
EMPUL71709	FINE PITCH ELECTROPERMANENT MAGNETIC CHUCK FOR GRIDING MACHINE POLE GAP 6.5MM-900X300X95 MM	NOS		85051900	CAT. NO UL71709 FINE PITCH ELECTROPERMANENT MAGNETIC CHUCK FOR GRIDING MACHINE POLE GAP 6.5MM-900X300X95 MM
EMPUL71710	FINE PITCH ELECTROPERMANENT MAGNETIC CHUCK FOR GRIDING MACHINE POLE GAP 6.5MM-1000X250X100 MM	NOS		85051900	CAT. NO UL71710 FINE PITCH ELECTROPERMANENT MAGNETIC CHUCK FOR GRIDING MACHINE POLE GAP 6.5MM-1000X250X100 MM
EMPUL71711	FINE PITCH ELECTROPERMANENT MAGNETIC CHUCK FOR GRIDING MACHINE POLE GAP 6.5MM-1000X300X100 MM	NOS		85051900	CAT. NO UL71711 FINE PITCH ELECTROPERMANENT MAGNETIC CHUCK FOR GRIDING MACHINE POLE GAP 6.5MM-1000X300X100 MM
EMPUL71712	FINE PITCH ELECTROPERMANENT MAGNETIC CHUCK FOR GRIDING MACHINE POLE GAP 6.5MM-1500X250X100 MM	NOS		85051900	CAT. NO UL71712 FINE PITCH ELECTROPERMANENT MAGNETIC CHUCK FOR GRIDING MACHINE POLE GAP 6.5MM-1500X250X100 MM
EMPUL71713	FINE PITCH ELECTROPERMANENT MAGNETIC CHUCK FOR GRIDING MACHINE POLE GAP 6.5MM-1500X300X100 MM	NOS		85051900	CAT. NO UL71713 FINE PITCH ELECTROPERMANENT MAGNETIC CHUCK FOR GRIDING MACHINE POLE GAP 6.5MM-1500X300X100 MM
EMPUL71714	FINE PITCH ELECTROPERMANENT MAGNETIC CHUCK FOR GRIDING MACHINE POLE GAP 6.5MM-1500X400X100 MM	NOS		85051900	CAT. NO UL71714 FINE PITCH ELECTROPERMANENT MAGNETIC CHUCK FOR GRIDING MACHINE POLE GAP 6.5MM-1500X400X100 MM
EMPUL71715	FINE PITCH ELECTROPERMANENT MAGNETIC CHUCK FOR GRIDING MACHINE POLE GAP 6.5MM-1000X500X100 MM	NOS		85051900	CAT. NO UL71715 FINE PITCH ELECTROPERMANENT MAGNETIC CHUCK FOR GRIDING MACHINE POLE GAP 6.5MM-1000X500X100 MM
EMLUL818-3T	EPM SHEET METAL LIFTER SYSTEM CAPACITY 3 TON	NOS		85051900	CAT. NO UL818-03 EPM SHEET METAL LIFTER SYSTEM CAPACITY 3 TON
EMLUL818-5T	EPM SHEET METAL LIFTER SYSTEM CAPACITY 5 TON	NOS		85051900	CAT. NO UL818-05 EPM SHEET METAL LIFTER SYSTEM CAPACITY 5 TON
EMLUL818-8T	EPM SHEET METAL LIFTER SYSTEM CAPACITY 8 TON	NOS		85051900	CAT. NO UL818-08 EPM SHEET METAL LIFTER SYSTEM CAPACITY 8 TON
EMLUL818-10T	EPM SHEET METAL LIFTER SYSTEM CAPACITY 10 TON	NOS		85051900	CAT. NO UL818-10 EPM SHEET METAL LIFTER SYSTEM CAPACITY 10 TON
EMLUL818-15T	EPM SHEET METAL LIFTER SYSTEM CAPACITY 15 TON	NOS		85051900	CAT. NO UL818-15 EPM SHEET METAL LIFTER SYSTEM CAPACITY 15 TON
EMLUL81801	ELECTROPERMENANT MAGNEIC LIFTER-420X240 MM	NOS		85051900	CAT. NO UL818-420X240 ELECTROPERMENANT MAGNEIC LIFTER-420X240 MM
EMLUL81802	ELECTROPERMENANT MAGNEIC LIFTER-500X220 MM	NOS		85051900	CAT. NO UL818-500X220 ELECTROPERMENANT MAGNEIC LIFTER-500X220 MM
EMLUL81803	ELECTROPERMENANT MAGNEIC LIFTER-510X330 MM	NOS		85051900	CAT. NO UL818-510X330 ELECTROPERMENANT MAGNEIC LIFTER-510X330 MM
EMLUL81804	ELECTROPERMENANT MAGNEIC LIFTER-600X240 MM	NOS		85051900	CAT. NO UL818-600X240 ELECTROPERMENANT MAGNEIC LIFTER-600X240 MM
EMLUL81805	ELECTROPERMENANT MAGNETIC LIFTER-240X240 MM	NOS		85051900	CAT. NO UL818-240X240 ELECTROPERMENANT MAGNETIC LIFTER-240X240 MM
EMLUL820-02	ELECTROPERMANENT MAGNETIC TILTING LIFTER FOR SHEETS-2 TON (HORIZONTAL TO VERTICAL AND VISE A VARSA)	NOS		85051900	CAT. NO UL820-02 ELECTROPERMANENT MAGNETIC TILTING LIFTER FOR SHEETS-2 TON (HORIZONTAL TO VERTICAL AND VISE A VARSA)
EMLUL820-03	ELECTROPERMANENT MAGNETIC TILTING LIFTER FOR SHEETS-3 TON (HORIZONTAL TO VERTICAL AND VISE A VARSA)	NOS		85051900	CAT. NO UL820-03 ELECTROPERMANENT MAGNETIC TILTING LIFTER FOR SHEETS-3 TON (HORIZONTAL TO VERTICAL AND VISE A VARSA)
EMLUL820-04	ELECTROPERMANENT MAGNETIC TILTING LIFTER FOR SHEETS-4 TON (HORIZONTAL TO VERTICAL AND VISE A VARSA)	NOS		85051900	CAT. NO UL820-04 ELECTROPERMANENT MAGNETIC TILTING LIFTER FOR SHEETS-4 TON (HORIZONTAL TO VERTICAL AND VISE A VARSA)
EMLUL820-05	ELECTROPERMANENT MAGNETIC TILTING LIFTER FOR SHEETS-5 TON (HORIZONTAL TO VERTICAL AND VISE A VARSA)	NOS		85051900	CAT. NO UL820-05 ELECTROPERMANENT MAGNETIC TILTING LIFTER FOR SHEETS-5 TON (HORIZONTAL TO VERTICAL AND VISE A VARSA)
EMLUL820-05	ELECTROPERMANENT MAGNETIC TILTING LIFTER FOR SHEETS-6 TON (HORIZONTAL TO VERTICAL AND VISE A VARSA)	NOS		85051900	CAT. NO UL820-06 ELECTROPERMANENT MAGNETIC TILTING LIFTER FOR SHEETS-6 TON (HORIZONTAL TO VERTICAL AND VISE A VARSA)
EMLUL820-08	ELECTROPERMANENT MAGNETIC TILTING LIFTER FOR SHEETS-8 TON (HORIZONTAL TO VERTICAL AND VISE A VARSA)	NOS		85051900	CAT. NO UL820-08 ELECTROPERMANENT MAGNETIC TILTING LIFTER FOR SHEETS-8 TON (HORIZONTAL TO VERTICAL AND VISE A VARSA)
EMLUL820-10	ELECTROPERMANENT MAGNETIC TILTING LIFTER FOR SHEETS-10 TON (HORIZONTAL TO VERTICAL AND VISE A VARSA)	NOS		85051900	CAT. NO UL820-10 ELECTROPERMANENT MAGNETIC TILTING LIFTER FOR SHEETS-10 TON (HORIZONTAL TO VERTICAL AND VISE A VARSA)
EMLUL82001	EPM SHEET METAL LIFTER- 1000X350X90 MM	NOS		85051900	CAT. NO UL82001 EPM SHEET METAL LIFTER- 1000X350X90 MM
EMLUL82002	EPM SHEET METAL LIFTER- 900X200X90 MM	NOS		85051900	CAT. NO UL82002 EPM SHEET METAL LIFTER- 900X200X90 MM
EMLUL82003	EPM SHEET METAL LIFTER- 690X250X90 MM	NOS		85051900	CAT. NO UL82003 EPM SHEET METAL LIFTER- 690X250X90 MM
EMLUL82701	CUSTOM MADE MAGNETIC LIFTER (CHANNEL LIFTER)-630X180 MM	NOS		85051900	CAT. NO UL82701 CUSTOM MADE MAGNETIC LIFTER (CHANNEL LIFTER)-630X180 MM
EMLUL82702	ELECTRO PERMANENT MAGNETIC LIFTER (SUTABLE FOR BILLET-8 TON CAP.)	NOS		85051900	CAT. NO UL82702 ELECTRO PERMANENT MAGNETIC LIFTER (SUTABLE FOR BILLET-8 TON CAP.)
VBMUL32001P	MAGNETIC V BLOCK (2")-45X40X55 MM	PAIR		85051900	CAT. NO UL32001 MAGNETIC V BLOCK (2")-45X40X55 MM
VBMUL32002P	MAGNETIC V BLOCK (3")-75X56X75 MM	PAIR		85051900	CAT. NO UL32002 MAGNETIC V BLOCK (3")-75X56X75 MM
VBMUL32003P	MAGNETIC V BLOCK (4")-100X70X95 MM	PAIR		85051900	CAT. NO UL32003 MAGNETIC V BLOCK (4")-100X70X95 MM
VBMUL32004P	MAGNETIC V BLOCK (6")-150X75X100 MM	PAIR		85051900	CAT. NO UL32004 MAGNETIC V BLOCK (6")-150X75X100 MM
VBMUL32005P	MAGNETIC V BLOCK (8")-200X125X150 MM	PAIR		85051900	CAT. NO UL32005 MAGNETIC V BLOCK (8")-200X125X150 MM
VBMUL32006P	MAGNETIC V BLOCK (6" SPL)-160X125X130 MM	PAIR		85051900	CAT. NO UL32006 MAGNETIC V BLOCK (6" SPL)-160X125X130 MM
VBMUL32001N	MAGNETIC V BLOCK (2")-45X40X55 MM	NOS		85051900	CAT. NO UL32001-SINGLE MAGNETIC V BLOCK (2")-45X40X55 MM
VBMUL32002N	MAGNETIC V BLOCK (3")-75X56X75 MM	NOS		85051900	CAT. NO UL32002-SINGLE MAGNETIC V BLOCK (3")-75X56X75 MM
VBMTUL32003P-T	MAGNETIC V BLOCK (4") WITH T KNOB-100X70X95 MM	PAIR		85051900	CAT. NO UL32003 T KNOB MAGNETIC V BLOCK (4") WITH T KNOB-100X70X95 MM
VBMUL32002-120	MAGNETIC V BLOCK (3") 120 DEGREE-75X56X75 MM	PAIR		85051900	CAT. NO UL32002SPL-120 MAGNETIC V BLOCK (3") 120 DEGREE-75X56X75 MM
VBMUL32003N	MAGNETIC V BLOCK (4")-100X70X95 MM	NOS		85051900	CAT. NO UL32003-SINGLE MAGNETIC V BLOCK (4")-100X70X95 MM
VBMTUL32003N	MAGNETIC V BLOCK (4")-100X70X95 MM	NOS		85051900	CAT. NO UL32003-SINGLE T KNOB MAGNETIC V BLOCK (4")-100X70X95 MM
VBMUL32003-120	MAGNETIC V BLOCK (4") 120 DEGREE-100X70X95 MM	PAIR		85051900	CAT. NO UL32003SPL-120 MAGNETIC V BLOCK (4") 120 DEGREE-100X70X95 MM
VBMUL32004N	MAGNETIC V BLOCK-150X75X100 MM	NOS		85051900	CAT. NO UL32004-SINGLE MAGNETIC V BLOCK-150X75X100 MM
VBMUL32004-120	MAGNETIC V BLOCK (6") 120 DEGREE-150X75X100 MM	NOS		85051900	CAT. NO UL32004SPL-120 MAGNETIC V BLOCK (6") 120 DEGREE-150X75X100 MM
VBMUL32005N	MAGNETIC V BLOCK (8")-200X125X150 MM	NOS		85051900	CAT. NO UL32005-SINGLE MAGNETIC V BLOCK (8")-200X125X150 MM
VBMUL32005S	MAGNETIC V BLOCK (8") WITH BOTH SIDE V-200X125X150 MM	NOS		85051900	CAT. NO UL32005SPL-SINGLE MAGNETIC V BLOCK (8") WITH BOTH SIDE V-200X125X150 MM
VBMUL32006N	MAGNETIC V BLOCK (6" SPL)-160X125X130 MM	NOS		85051900	CAT. NO UL32006-SINGLE MAGNETIC V BLOCK (6" SPL)-160X125X130 MM
VBMUL32006-120	MAGNETIC V BLOCK (6") 120 DEGREE-160X125X125 MM	PAIR		85051900	CAT. NO UL32006SPL-120 MAGNETIC V BLOCK (6") 120 DEGREE-160X125X125 MM
VBNUL10500P	NON MAG V BLOCKS WITH CLAMP (1")-25X20X20 MM	PAIR		90314900	CAT. NO UL10500 NON MAG V BLOCKS WITH CLAMP (1")-25X20X20 MM
VBNUL10501P	NON MAG V BLOCKS WITH CLAMP (2")-50X40X40 MM	PAIR		90314900	CAT. NO UL10501 NON MAG V BLOCKS WITH CLAMP (2")-50X40X40 MM
VBNUL10502P	NON MAG V BLOCKS WITH CLAMP-50X50X50 MM	PAIR		90314900	CAT. NO UL10502 NON MAG V BLOCKS WITH CLAMP-50X50X50 MM
VBNUL10503P	NON MAG V BLOCKS WITH CLAMP-63X50X50 MM	PAIR		90314900	CAT. NO UL10503 NON MAG V BLOCKS WITH CLAMP-63X50X50 MM
VBNUL10504P	NON MAG V BLOCKS WITH CLAMP-63X80X80 MM	PAIR		90314900	CAT. NO UL10504 NON MAG V BLOCKS WITH CLAMP-63X80X80 MM
VBNUL10505P	NON MAG V BLOCKS WITH CLAMP-63X100X100 MM	PAIR		90314900	CAT. NO UL10505 NON MAG V BLOCKS WITH CLAMP-63X100X100 MM
VBNUL10506P	NON MAG V BLOCKS WITH CLAMP-70X140X140 MM	PAIR		90314900	CAT. NO UL10506 NON MAG V BLOCKS WITH CLAMP-70X140X140 MM
VBNUL10507P	NON MAG V BLOCKS WITH CLAMP (3")-80X63X63 MM	PAIR		90314900	CAT. NO UL10507 NON MAG V BLOCKS WITH CLAMP (3")-80X63X63 MM
VBNUL10508P	NON MAG V BLOCKS WITH CLAMP (4")-100X80X80 MM	PAIR		90314900	CAT. NO UL10508 NON MAG V BLOCKS WITH CLAMP (4")-100X80X80 MM
VBNUL10509P	NON MAG V BLOCKS WITH CLAMP-150X200X200 MM	PAIR		90314900	CAT. NO UL10509 NON MAG V BLOCKS WITH CLAMP-150X200X200 MM
VBNUL10510P	NON MAG V BLOCKS WITH CLAMP-200X200X200 MM	PAIR		90314900	CAT. NO UL10510 NON MAG V BLOCKS WITH CLAMP-200X200X200 MM
VBNUL10500N	NON MAG V BLOCKS WITH CLAMP (1")-25X20X20 MM	NOS		90314900	CAT. NO UL10500-SINGLE NON MAG V BLOCKS WITH CLAMP (1")-25X20X20 MM
VBNUL10501N	NON MAG V BLOCKS WITH CLAMP-50X40X40 MM	NOS		90314900	CAT. NO UL10501-SINGLE NON MAG V BLOCKS WITH CLAMP-50X40X40 MM
VBNUL10503N	NON MAG V BLOCKS WITH CLAMP-63X50X50 MM	NOS		90314900	CAT. NO UL10503-SINGLE NON MAG V BLOCKS WITH CLAMP-63X50X50 MM
VBNUL10504N	NON MAG V BLOCKS WITH CLAMP-63X80X80 MM	NOS		90314900	CAT. NO UL10504-SINGLE NON MAG V BLOCKS WITH CLAMP-63X80X80 MM
VBNUL10505N	NON MAG V BLOCKS WITH CLAMP-63X100X100 MM	NOS		90314900	CAT. NO UL10505-SINGLE NON MAG V BLOCKS WITH CLAMP-63X100X100 MM
VBNUL10506N	NON MAG V BLOCK WITH CLAMP-70X140X140 MM	NOS		90314900	CAT. NO UL10506-SINGLE NON MAG V BLOCK WITH CLAMP-70X140X140 MM
VBNUL10507N	NON MAG V BLOCKS WITH CLAMP (3")-80X63X63 MM	NOS		90314900	CAT. NO UL10507-SINGLE NON MAG V BLOCKS WITH CLAMP (3")-80X63X63 MM
VBNUL10507S	NON MAG V BLOCKS WITH CLAMP (3") 120 DEGREE-80X60X60 MM	PAIR		90314900	CAT. NO UL10507SPL-120 NON MAG V BLOCKS WITH CLAMP (3") 120 DEGREE-80X60X60 MM
VBNUL10508N	NON MAG V BLOCKS WITH CLAMP (4")-100X80X80 MM	NOS		90314900	CAT. NO UL10508-SINGLE NON MAG V BLOCKS WITH CLAMP (4")-100X80X80 MM
VBNUL10509N	NON MAG V BLOCKS WITH CLAMP-150X200X200 MM	NOS		90314900	CAT. NO UL10509-SINGLE NON MAG V BLOCKS WITH CLAMP-150X200X200 MM
VBNUL10510N	NON MAG V BLOCKS WITH CLAMP-200X200X200 MM	NOS		90314900	CAT. NO UL10510-SINGLE NON MAG V BLOCKS WITH CLAMP-200X200X200 MM
VBNUL10801N	NON MAG TOOL ROOM V BLOCKS-90X48X48	NOS		90314900	CAT. NO UL10801 NON MAG TOOL ROOM V BLOCKS-90X48X48
VBNUL11001P	ROLLER BEARING V BLOCK-150X80X100 MM	PAIR		90314900	CAT. NO UL11001 ROLLER BEARING V BLOCK-150X80X100 MM
VBNUL11002P	ROLLER BEARING V BLOCK-150X60X100 MM	PAIR		90314900	CAT. NO UL11002 ROLLER BEARING V BLOCK-150X60X100 MM
VBNUL11003P	ROLLER BEARING V BLOCK-230X100X150 MM	PAIR		90314900	CAT. NO UL11003 ROLLER BEARING V BLOCK-230X100X150 MM
VBNUL11001N	ROLLER BEARING V BLOCK-150X80X100 MM	NOS		90314900	CAT. NO UL11001-SINGLE ROLLER BEARING V BLOCK-150X80X100 MM
VBNUL11002N	ROLLER BEARING V BLOCK-150X60X100 MM	NOS		90314900	CAT. NO UL11002-SINGLE ROLLER BEARING V BLOCK-150X60X100 MM
VBNUL11003N	ROLLER BEARING V BLOCK-230X100X150 MM	NOS		90314900	CAT. NO UL11003-SINGLE ROLLER BEARING V BLOCK-230X100X150 MM
TPAUL30901S	PRECISION ANGLE PLATE (SLOTTED)-150X150X115 MM	NOS		90314900	CAT. NO UL30901 SLOT PRECISION ANGLE PLATE (SLOTTED)-150X150X115 MM
TPAUL30901D	PRECISION ANGLE PLATE (DRILL & TAP)-150X150X115 MM	NOS		90314900	CAT. NO UL30901- DRLL & TAP PRECISION ANGLE PLATE (DRILL & TAP)-150X150X115 MM
TPAUL30902S	PRECISION ANGLE PLATE (DRILL & TAP)-150X150X150 MM	NOS		90314900	CAT. NO UL30902 SLOT PRECISION ANGLE PLATE (DRILL & TAP)-150X150X150 MM
TPAUL30902D	PRECISION ANGLE PLATE (DRILL & TAP)-150X150X150 MM	NOS		90314900	CAT. NO UL30902- DRILL & TAP PRECISION ANGLE PLATE (DRILL & TAP)-150X150X150 MM
TPAUL30903S	PRECISION ANGLE PLATE (SLOTTED)-225X150X150 MM	NOS		90314900	CAT. NO UL30903 SLOT PRECISION ANGLE PLATE (SLOTTED)-225X150X150 MM
TPAUL30903D	PRECISION ANGLE PLATE (DRILL & TAP)-225X150X150 MM	NOS		90314900	CAT. NO UL30903- DRILL & TAP PRECISION ANGLE PLATE (DRILL & TAP)-225X150X150 MM
TPAUL30904S	PRECISION ANGLE PLATE (SLOTTED)-300X225X150 MM	NOS		90314900	CAT. NO UL30904 SLOT PRECISION ANGLE PLATE (SLOTTED)-300X225X150 MM
TPAUL30904D	PRECISION ANGLE PLATE (DRILL & TAP)-300X225X150 MM	NOS		90314900	CAT. NO UL30904- DRILL & TAP PRECISION ANGLE PLATE (DRILL & TAP)-300X225X150 MM
TPAUL30801N	PRECISION ANGLE PLATE-100X100X115 MM	NOS		90314900	CAT. NO UL30801 PRECISION ANGLE PLATE-100X100X115 MM
TPAUL30801S	PRECISION ANGLE PLATE WITH CLAMP-100X100X115 MM	SET			CAT. NO UL30801-CLAMP PRECISION ANGLE PLATE WITH CLAMP-100X100X115 MM
VBNUL10901P	NON MAG V BLOCKS-65X70X50 MM	PAIR			CAT. NO UL10901 NON MAG V BLOCKS-65X70X50 MM
VBNUL10901N	NON MAG V BLOCKS-65X70X50 MM	PAIR			CAT. NO UL10901-SINGLE NON MAG V BLOCKS-65X70X50 MM
PMLUL80500A	PERMANENT MAGNETIC LIFTER (1:3T)-90X65X85 MM 100 KG	NOS			CAT. NO UL80500A PERMANENT MAGNETIC LIFTER (1:3T)-90X65X85 MM 100 KG
PMLUL80501A	PERMANENT MAGNETIC LIFTER (1:3T)-170X85X105 MM 200 KG	NOS			CAT. NO UL80501A PERMANENT MAGNETIC LIFTER (1:3T)-170X85X105 MM 200 KG
PMLUL80502A	PERMANENT MAGNETIC LIFTER (1:3T)-170X85X105 MM 250 KG	NOS			CAT. NO UL80502A PERMANENT MAGNETIC LIFTER (1:3T)-170X85X105 MM 250 KG
PMLUL80503A	PERMANENT MAGNETIC LIFTER (1:3T)-230X85X105 MM 300 KG	NOS			CAT. NO UL80503A PERMANENT MAGNETIC LIFTER (1:3T)-230X85X105 MM 300 KG
PMLUL80504A	PERMANENT MAGNETIC LIFTER (1:3T)-230X85X105 MM 450 KG	NOS			CAT. NO UL80504A PERMANENT MAGNETIC LIFTER (1:3T)-230X85X105 MM 450 KG
PMLUL80505A	PERMANENT MAGNETIC LIFTER (1:3T)-255X110X130 MM 600 KG	NOS			CAT. NO UL80505A PERMANENT MAGNETIC LIFTER (1:3T)-255X110X130 MM 600 KG
PMLUL80506A	PERMANENT MAGNETIC LIFTER (1:3T)-290X110X130 MM 700 KG	NOS			CAT. NO UL80506A PERMANENT MAGNETIC LIFTER (1:3T)-290X110X130 MM 700 KG
PMLUL80507A	PERMANENT MAGNETIC LIFTER (1:3T)- 350X130X135 MM 1000 KG	NOS			CAT. NO UL80507A PERMANENT MAGNETIC LIFTER (1:3T)- 350X130X135 MM 1000 KG
PMLUL80508A	PERMANENT MAGNETIC LIFTER (1:3T)-395X150X160 MM 1500 KG	NOS			CAT. NO UL80508A PERMANENT MAGNETIC LIFTER (1:3T)-395X150X160 MM 1500 KG
PMLUL80509A	PERMANENT MAGNETIC LIFTER (1:3T)-460X170X185 MM 2000 KG	NOS			CAT. NO UL80509A PERMANENT MAGNETIC LIFTER (1:3T)-460X170X185 MM 2000 KG
PMLUL80510A	PERMANENT MAGNETIC LIFTER (1:3T) - 500X200X205 MM 3000 KG	NOS			CAT. NO UL80510A PERMANENT MAGNETIC LIFTER (1:3T) - 500X200X205 MM 3000 KG
PMLUL80511A	PERMANENT MAGNETIC LIFTER (1:3T)- 640X300X325 MM	NOS			CAT. NO UL80511A PERMANENT MAGNETIC LIFTER (1:3T)- 640X300X325 MM
PMLUL80512A	PERMANENT MAGNETIC LIFTER (1:3T)-260X85X105 MM - 500 KG	NOS			CAT. NO UL80512A PERMANENT MAGNETIC LIFTER (1:3T)-260X85X105 MM - 500 KG
PMLVM300	PERMANENT MAGNETIC LIFTER (1:2T) 300 KG-170X85X105 MM	NOS			CAT. NO VM300 PERMANENT MAGNETIC LIFTER (1:2T) 300 KG-170X85X105 MM
PMLVM600	PERMANENT MAGNETIC LIFTER (1:2T) 600 KG-230X85X105 MM	NOS			CAT. NO VM600 PERMANENT MAGNETIC LIFTER (1:2T) 600 KG-230X85X105 MM
PMLVM1000	PERMANENT MAGNETIC LIFTER (1:2T) 1000 KG-290X110X130 MM	NOS			CAT. NO VM1000 PERMANENT MAGNETIC LIFTER (1:2T) 1000 KG-290X110X130 MM
PMLVM2000	PERMANENT MAGNETIC LIFTER (1:2T) 2000 KG-395X150X160 MM	NOS			CAT. NO VM2000 PERMANENT MAGNETIC LIFTER (1:2T) 2000 KG-395X150X160 MM
VBMUL32001P	MAGNETIC V BLOCK (2")-45X40X55 MM	PAIR			CAT. NO UL32001 MAGNETIC V BLOCK (2")-45X40X55 MM
VBMUL32002P	MAGNETIC V BLOCK (3")-75X56X75 MM	PAIR			CAT. NO UL32002 MAGNETIC V BLOCK (3")-75X56X75 MM
VBMUL32003P	MAGNETIC V BLOCK (4")-100X70X95 MM	PAIR			CAT. NO UL32003 MAGNETIC V BLOCK (4")-100X70X95 MM
VBMUL32004P	MAGNETIC V BLOCK (6")-150X75X100 MM	PAIR			CAT. NO UL32004 MAGNETIC V BLOCK (6")-150X75X100 MM
VBMUL32005P	MAGNETIC V BLOCK (8")-200X125X150 MM	PAIR			CAT. NO UL32005 MAGNETIC V BLOCK (8")-200X125X150 MM
VBMUL32006P	MAGNETIC V BLOCK (6" SPL)-160X125X130 MM	PAIR			CAT. NO UL32006 MAGNETIC V BLOCK (6" SPL)-160X125X130 MM
VBMUL32003PS	MAGNETIC V BLOCK (4")-100X70X95 MM(120)	PAIR			CAT. NO UL32003 MAGNETIC V BLOCK (4")-100X70X95 MM(120)
VBMUL32001N	MAGNETIC V BLOCK (2")-45X40X55 MM	NOS			CAT. NO UL32001-SINGLE MAGNETIC V BLOCK (2")-45X40X55 MM
VBMUL32002N	MAGNETIC V BLOCK (3")-75X56X75 MM	NOS			CAT. NO UL32002-SINGLE MAGNETIC V BLOCK (3")-75X56X75 MM
VBMUL32003N	MAGNETIC V BLOCK (4")-100X70X95 MM	NOS			CAT. NO UL32003-SINGLE MAGNETIC V BLOCK (4")-100X70X95 MM
VBMUL32004N	MAGNETIC V BLOCK-150X75X100 MM	NOS			CAT. NO UL32004-SINGLE MAGNETIC V BLOCK-150X75X100 MM
VBMUL32005N	MAGNETIC V BLOCK (8")-200X125X150 MM	NOS			CAT. NO UL32005-SINGLE MAGNETIC V BLOCK (8")-200X125X150 MM
VBMUL32006N	MAGNETIC V BLOCK (6" SPL)-160X125X130 MM	NOS			CAT. NO UL32006-SINGLE MAGNETIC V BLOCK (6" SPL)-160X125X130 MM
VBMUL32001OP	MAGNETIC V BLOCK (2")-45X40X55 MM	PAIR			CAT. NO UL32001 MAGNETIC V BLOCK (2")-45X40X55 MM
VBMUL32002OP	MAGNETIC V BLOCK (3")-75X56X75 MM	PAIR			CAT. NO UL32002 MAGNETIC V BLOCK (3")-75X56X75 MM
VBMUL32003OP	MAGNETIC V BLOCK (4")-100X70X95 MM	PAIR			CAT. NO UL32003 MAGNETIC V BLOCK (4")-100X70X95 MM
VBMUL32004OP	MAGNETIC V BLOCK (6")-150X75X100 MM	PAIR			CAT. NO UL32004 MAGNETIC V BLOCK (6")-150X75X100 MM
VBMUL32005OP	MAGNETIC V BLOCK (8")-200X125X150 MM	PAIR			CAT. NO UL32005 MAGNETIC V BLOCK (8")-200X125X150 MM
VBMUL32006OP	MAGNETIC V BLOCK (6" SPL)-160X125X130 MM	PAIR			CAT. NO UL32006 MAGNETIC V BLOCK (6" SPL)-160X125X130 MM
VBMUL32001ON	MAGNETIC V BLOCK (2")-45X40X55 MM	NOS			CAT. NO UL32001-SINGLE MAGNETIC V BLOCK (2")-45X40X55 MM
VBMUL32002ON	MAGNETIC V BLOCK (3")-75X56X75 MM	NOS			CAT. NO UL32002-SINGLE MAGNETIC V BLOCK (3")-75X56X75 MM
VBMUL32003ON	MAGNETIC V BLOCK (4")-100X70X95 MM	NOS			CAT. NO UL32003-SINGLE MAGNETIC V BLOCK (4")-100X70X95 MM
VBMUL32004ON	MAGNETIC V BLOCK (6")-150X75X100 MM	NOS			CAT. NO UL32004-SINGLE MAGNETIC V BLOCK (6")-150X75X100 MM
VBMUL32005ON	MAGNETIC V BLOCK (8")-200X125X150 MM	NOS			CAT. NO UL32005-SINGLE MAGNETIC V BLOCK (8")-200X125X150 MM
VBMUL32006ON	MAGNETIC V BLOCK (6" SPL)-160X125X130 MM	NOS			CAT. NO UL32006-SINGLE MAGNETIC V BLOCK (6" SPL)-160X125X130 MM
VBMVM70P04	MAG V BLOCK 04 MIC PAIR-70X55 MM	PAIR			CAT. NO VM70 MAG V BLOCK 04 MIC PAIR-70X55 MM
VBMVM70P10	MAG V BLOCK 10 MIC PAIR-70X55 MM	PAIR			CAT. NO VM70 MAG V BLOCK 10 MIC PAIR-70X55 MM
VBMVM70N04	MAG V BLOCK 04 MIC SINGLE-70X55 MM	NOS			CAT. NO VM70 MAG V BLOCK 04 MIC SINGLE-70X55 MM
VBMVM70N10	MAG V BLOCK 10 MIC SINGLE-70X55 MM	NOS			CAT. NO VM70 MAG V BLOCK 10 MIC SINGLE-70X55 MM
VBMVM80P04	MAG V BLOCK 04 MIC PAIR-80X70 MM	PAIR			CAT. NO VM80 MAG V BLOCK 04 MIC PAIR-80X70 MM
VBMVM80P10	MAG V BLOCK 10 MIC PAIR-80X70 MM	PAIR			CAT. NO VM80 MAG V BLOCK 10 MIC PAIR-80X70 MM
VBMVM80N04	MAG V BLOCK 04 MIC SINGLE-80X70 MM	NOS			CAT. NO VM80 MAG V BLOCK 04 MIC SINGLE-80X70 MM
VBMVM80N10	MAG V BLOCK 10 MIC SINGLE-80X70 MM	NOS			CAT. NO VM80 MAG V BLOCK 10 MIC SINGLE-80X70 MM
VBMVM120P04	MAG V BLOCK 04 MIC PAIR-120X70 MM	PAIR			CAT. NO VM120 MAG V BLOCK 04 MIC PAIR-120X70 MM
VBMVM120P10	MAG V BLOCK 10 MIC PAIR-120X70 MM	PAIR			CAT. NO VM120 MAG V BLOCK 10 MIC PAIR-120X70 MM
VBMVM120N04	MAG V BLOCK 04 MIC SINGLE-120X70 MM	NOS			CAT. NO VM120 MAG V BLOCK 04 MIC SINGLE-120X70 MM
VBMVM120N10	MAG V BLOCK 10 MIC SINGLE-120X70 MM	NOS			CAT. NO VM120 MAG V BLOCK 10 MIC SINGLE-120X70 MM
VBNUL10301P	NON MAG V BLOCKS-65X150X75 MM	PAIR			CAT. NO 04UL10301 NON MAG V BLOCKS-65X150X75 MM
VBNUL10302P	NON MAG V BLOCKS-65X175X100 MM	PAIR			CAT. NO 04UL10302 NON MAG V BLOCKS-65X175X100 MM
VBNUL10303P	NON MAG V BLOCKS-75X200X125 MM	PAIR			CAT. NO 04UL10303 NON MAG V BLOCKS-75X200X125 MM
TPPUL30101P	PARALLEL BLOCK-100X10X5 MM	PAIR			CAT. NO UL30101 PARALLEL BLOCK-100X10X5 MM
TPPUL30102P	PARALLEL BLOCK-100X12X5 MM	PAIR			CAT. NO UL30102 PARALLEL BLOCK-100X12X5 MM
TPPUL30103P	PARALLEL BLOCK-100X15X5 MM	PAIR			CAT. NO UL30103 PARALLEL BLOCK-100X15X5 MM
TPPUL30104P	PARALLEL BLOCK-100X20X5 MM	PAIR			CAT. NO UL30104 PARALLEL BLOCK-100X20X5 MM
TPPUL30105P	PARALLEL BLOCK-150X10X6 MM	PAIR			CAT. NO UL30105 PARALLEL BLOCK-150X10X6 MM
TPPUL30106P	PARALLEL BLOCK-150X12X6 MM	PAIR			CAT. NO UL30106 PARALLEL BLOCK-150X12X6 MM
TPPUL30107P	PARALLEL BLOCK-150X15X6 MM	PAIR			CAT. NO UL30107 PARALLEL BLOCK-150X15X6 MM
TPPUL30108P	PARALLEL BLOCK-150X20X6 MM	PAIR			CAT. NO UL30108 PARALLEL BLOCK-150X20X6 MM
TPPUL30109P	PARALLEL BLOCK-150X10X10 MM	PAIR			CAT. NO UL30109 PARALLEL BLOCK-150X10X10 MM
TPPUL30110P	PARALLEL BLOCK-150X12X10 MM	PAIR			CAT. NO UL30110 PARALLEL BLOCK-150X12X10 MM
TPPUL30111P	PARALLEL BLOCK-150X15X10 MM	PAIR			CAT. NO UL30111 PARALLEL BLOCK-150X15X10 MM
TPPUL30112P	PARALLEL BLOCK-150X20X10 MM	PAIR			CAT. NO UL30112 PARALLEL BLOCK-150X20X10 MM
TPPUL30113P	PARALLEL BLOCK-150X15X15 MM	PAIR			CAT. NO UL30113 PARALLEL BLOCK-150X15X15 MM
TPPUL30114P	PARALLEL BLOCK-150X20X15 MM	PAIR			CAT. NO UL30114 PARALLEL BLOCK-150X20X15 MM
TPPUL30115P	PARALLEL BLOCK-150X25X15 MM	PAIR			CAT. NO UL30115 PARALLEL BLOCK-150X25X15 MM
TPPUL30116P	PARALLEL BLOCK-150X30X15 MM	PAIR			CAT. NO UL30116 PARALLEL BLOCK-150X30X15 MM
TPPUL30117P	PARALLEL BLOCK-200X20X15 MM	PAIR			CAT. NO UL30117 PARALLEL BLOCK-200X20X15 MM
TPPUL30118P	PARALLEL BLOCK-200X25X15 MM	PAIR			CAT. NO UL30118 PARALLEL BLOCK-200X25X15 MM
TPPUL30119P	PARALLEL BLOCK-200X30X20 MM	PAIR			CAT. NO UL30119 PARALLEL BLOCK-200X30X20 MM
TPPUL30120P	PARALLEL BLOCK-200X40X20 MM	PAIR			CAT. NO UL30120 PARALLEL BLOCK-200X40X20 MM
TPPUL30121P	PARALLEL BLOCK-200X20X25 MM	PAIR			CAT. NO UL30121 PARALLEL BLOCK-200X20X25 MM
TPPUL30122P	PARALLEL BLOCK-200X30X25 MM	PAIR			CAT. NO UL30122 PARALLEL BLOCK-200X30X25 MM
TPPUL30123P	PARALLEL BLOCK-200X40X25 MM	PAIR			CAT. NO UL30123 PARALLEL BLOCK-200X40X25 MM
TPPUL30124P	PARALLEL BLOCK-200X50X25 MM	PAIR			CAT. NO UL30124 PARALLEL BLOCK-200X50X25 MM
TPPUL30125P	PARALLEL BLOCK-250X15X20 MM	PAIR			CAT. NO UL30125 PARALLEL BLOCK-250X15X20 MM
TPPUL30126P	PARALLEL BLOCK-250X20X20 MM	PAIR			CAT. NO UL30126 PARALLEL BLOCK-250X20X20 MM
TPPUL30127P	PARALLEL BLOCK-250X25X20 MM	PAIR			CAT. NO UL30127 PARALLEL BLOCK-250X25X20 MM
TPPUL30128P	PARALLEL BLOCK-250X30X20 MM	PAIR			CAT. NO UL30128 PARALLEL BLOCK-250X30X20 MM
TPPUL30129P	PARALLEL BLOCK-250X40X25 MM	PAIR			CAT. NO UL30129 PARALLEL BLOCK-250X40X25 MM
TPPUL30130P	PARALLEL BLOCK-250X50X25 MM	PAIR			CAT. NO UL30130 PARALLEL BLOCK-250X50X25 MM
TPPUL30131P	PARALLEL BLOCK-250X50X30 MM	PAIR			CAT. NO UL30131 PARALLEL BLOCK-250X50X30 MM
TPPUL30132P	PARALLEL BLOCK-250X60X30 MM	PAIR			CAT. NO UL30132 PARALLEL BLOCK-250X60X30 MM
TPPUL30133P	PARALLEL BLOCK-300X25X25 MM	PAIR			CAT. NO UL30133 PARALLEL BLOCK-300X25X25 MM
TPPUL30134P	PARALLEL BLOCK-300X30X25 MM	PAIR			CAT. NO UL30134 PARALLEL BLOCK-300X30X25 MM
TPPUL30135P	PARALLEL BLOCK-300X40X25 MM	PAIR			CAT. NO UL30135 PARALLEL BLOCK-300X40X25 MM
TPPUL30136P	PARALLEL BLOCK-300X50X25 MM	PAIR			CAT. NO UL30136 PARALLEL BLOCK-300X50X25 MM
TPPUL30137P	PARALLEL BLOCK-300X40X35 MM	PAIR			CAT. NO UL30137 PARALLEL BLOCK-300X40X35 MM
TPPUL30138P	PARALLEL BLOCK-300X50X35 MM	PAIR			CAT. NO UL30138 PARALLEL BLOCK-300X50X35 MM
TPPUL30139P	PARALLEL BLOCK-300X60X35 MM	PAIR			CAT. NO UL30139 PARALLEL BLOCK-300X60X35 MM
TPPUL30140P	PARALLEL BLOCK-300X70X35 MM	PAIR			CAT. NO UL30140 PARALLEL BLOCK-300X70X35 MM
TPPUL30141P	PARALLEL BLOCK-350X30X40 MM	PAIR			CAT. NO UL30141 PARALLEL BLOCK-350X30X40 MM
TPPUL30142P	PARALLEL BLOCK-350X40X40 MM	PAIR			CAT. NO UL30142 PARALLEL BLOCK-350X40X40 MM
TPPUL30143P	PARALLEL BLOCK-350X50X40 MM	PAIR			CAT. NO UL30143 PARALLEL BLOCK-350X50X40 MM
TPPUL30144P	PARALLEL BLOCK-350X70X40 MM	PAIR			CAT. NO UL30144 PARALLEL BLOCK-350X70X40 MM
TPPUL30145P	PARALLEL BLOCK-400X50X50 MM	PAIR			CAT. NO UL30145 PARALLEL BLOCK-400X50X50 MM
TPPUL30146P	PARALLEL BLOCK-400X60X50 MM	PAIR			CAT. NO UL30146 PARALLEL BLOCK-400X60X50 MM
TPPUL30147P	PARALLEL BLOCK-400X75X50 MM	PAIR			CAT. NO UL30147 PARALLEL BLOCK-400X75X50 MM
TPPUL30148P	PARALLEL BLOCK-400X100X50 MM	PAIR			CAT. NO UL30148 PARALLEL BLOCK-400X100X50 MM
TPPUL30149P	PARALLEL BLOCK-450X50X50 MM	PAIR			CAT. NO UL30149 PARALLEL BLOCK-450X50X50 MM
TPPUL30150P	PARALLEL BLOCK-450X60X50 MM	PAIR			CAT. NO UL30150 PARALLEL BLOCK-450X60X50 MM
TPPUL30151P	PARALLEL BLOCK-450X75X50 MM	PAIR			CAT. NO UL30151 PARALLEL BLOCK-450X75X50 MM
TPPUL30152P	PARALLEL BLOCK-450X100X50 MM	PAIR			CAT. NO UL30152 PARALLEL BLOCK-450X100X50 MM
PGVUL31001	PRECISION GRINDING VICE-150X48X60 MM	NOS			CAT. NO UL31001 PRECISION GRINDING VICE-150X48X60 MM
PGVUL31002	PRECISION GRINDING VICE-180X63X70 MM	NOS			CAT. NO UL31002 PRECISION GRINDING VICE-180X63X70 MM
PGVUL31003	PRECISION GRINDING VICE-200X73X80 MM	NOS			CAT. NO UL31003 PRECISION GRINDING VICE-200X73X80 MM
PGVUL31004	PRECISION GRINDING VICE-235X96X96 MM	NOS			CAT. NO UL31004 PRECISION GRINDING VICE-235X96X96 MM
PSVUL31101	PRECISION SCREW GRINDING VICE-150X50X50 MM	NOS			CAT. NO UL31101 PRECISION SCREW GRINDING VICE-150X50X50 MM
PSVUL31102	PRECISION SCREW GRINDING VICE-175X60X55 MM	NOS			CAT. NO UL31102 PRECISION SCREW GRINDING VICE-175X60X55 MM
PSVUL31103	PRECISION SCREW GRINDING VICE-190X75X65 MM	NOS			CAT. NO UL31103 PRECISION SCREW GRINDING VICE-190X75X65 MM
PSVUL31104	PRECISION SCREW GRINDING VICE-210X95X75 MM	NOS			CAT. NO UL31104 PRECISION SCREW GRINDING VICE-210X95X75 MM
PSVUL31201	PRECISION SINE VICE-190X65X85 MM	NOS			CAT. NO UL31201 PRECISION SINE VICE-190X65X85 MM
PSVUL31202	PRECISION SINE VICE-235X76X100 MM	NOS			CAT. NO UL31202 PRECISION SINE VICE-235X76X100 MM
PSVUL31203	PRECISION SINE VICE-265X95X105 MM	NOS			CAT. NO UL31203 PRECISION SINE VICE-265X95X105 MM
PSVUL31204	PRECISION SINE VICE-290X120X120 MM	NOS			CAT. NO UL31204 PRECISION SINE VICE-290X120X120 MM
PSVUL31205	PRECISION SINE VICE-310X140X145 MM	NOS			CAT. NO UL31205 PRECISION SINE VICE-310X140X145 MM
PSVEUL82901	PRECISION SCREW GRINDING VICE (ECONOMY MODEL) - 155X50X50 MM	NOS			CAT. NO UL82901 PRECISION SCREW GRINDING VICE (ECONOMY MODEL) - 155X50X50 MM
PSVEUL82902	PRECISION SCREW GRINDING VICE (ECONOMY MODEL) - 190X63X65 MM	NOS			CAT. NO UL82902 PRECISION SCREW GRINDING VICE (ECONOMY MODEL) - 190X63X65 MM
PSVEUL82903	PRECISION SCREW GRINDING VICE (ECONOMY MODEL) - 210X73X73 MM	NOS			CAT. NO UL82903 PRECISION SCREW GRINDING VICE (ECONOMY MODEL) - 210X73X73 MM
PSVEUL82904	PRECISION SCREW GRINDING VICE (ECONOMY MODEL) - 250X88X88 MM	NOS			CAT. NO UL82904 PRECISION SCREW GRINDING VICE (ECONOMY MODEL) - 250X88X88 MM
PSVEUL83001	PRECISION SINE VICE ( ECONOMY MODEL)-175X63X95 MM	NOS			CAT. NO UL83001 PRECISION SINE VICE ( ECONOMY MODEL)-175X63X95 MM
PSVEUL83002	PRECISION SINE VICE ( ECONOMY MODEL)-235X88X125 MM	NOS			CAT. NO UL83002 PRECISION SINE VICE ( ECONOMY MODEL)-235X88X125 MM
PSVEUL83003	PRECISION SINE VICE ( ECONOMY MODEL)-285X125X154 MM	NOS			CAT. NO UL83003 PRECISION SINE VICE ( ECONOMY MODEL)-285X125X154 MM
PTSVEUL83101	PRECISION TOOLMAKER SINE VICE ( ECONOMY MODEL) - 175X63X93 MM	NOS			CAT. NO UL83101 PRECISION TOOLMAKER SINE VICE ( ECONOMY MODEL) - 175X63X93 MM
PTSVEUL83102	PRECISION TOOLMAKER SINE VICE ( ECONOMY MODEL) - 190X73X104 MM	NOS			CAT. NO UL83102 PRECISION TOOLMAKER SINE VICE ( ECONOMY MODEL) - 190X73X104 MM
PTSVEUL83103	PRECISION TOOLMAKER SINE VICE ( ECONOMY MODEL) - 235X88X122 MM	NOS			CAT. NO UL83103 PRECISION TOOLMAKER SINE VICE ( ECONOMY MODEL) - 235X88X122 MM
PTVEUL82801	PRECISION TOOLMAKER VICE - 175X63X63 MM	NOS			CAT. NO UL82801 PRECISION TOOLMAKER VICE - 175X63X63 MM
PTVEUL82802	PRECISION TOOLMAKER VICE - 190X73X67 MM	NOS			CAT. NO UL82802 PRECISION TOOLMAKER VICE - 190X73X67 MM
PTVEUL82803	PRECISION TOOLMAKER VICE -235X88X85 MM	NOS			CAT. NO UL82803 PRECISION TOOLMAKER VICE -235X88X85 MM
PEDVUL31601N	STAINLESS STEEL EDM VICE-270X25X145 MM	NOS			CAT. NO UL31601 STAINLESS STEEL EDM VICE-270X25X145 MM
PEDVUL31602N	STAINLESS STEEL EDM VICE-130X35X90 MM	NOS			CAT. NO UL31602 STAINLESS STEEL EDM VICE-130X35X90 MM
VBNUL11301P	NON MAG V BLOCKS WITH CLAMP-40X45X35	PAIR			CAT. NO UL11301 NON MAG V BLOCKS WITH CLAMP-40X45X35
VBNUL11302P	NON MAG V BLOCKS WITH CLAMP-55X60X40	PAIR			CAT. NO UL11302 NON MAG V BLOCKS WITH CLAMP-55X60X40
VBNUL11303P	NON MAG V BLOCKS WITH CLAMP-65X70X45	PAIR			CAT. NO UL11303 NON MAG V BLOCKS WITH CLAMP-65X70X45
VBMRUL20102P	RECTANGULAR BLOCK HARD (3")-75X56X60 MM	PAIR			CAT. NO UL20102 HARD RECTANGULAR BLOCK HARD (3")-75X56X60 MM
VBMRUL20102N	RECTANGULAR BLOCK HARD (3")-75X56X60 MM	NOS			CAT. NO UL20102-SINGLE HARD RECTANGULAR BLOCK HARD (3")-75X56X60 MM
VBMRUL20103P	RECTANGULAR BLOCK HARD (4")-100X70X70 MM	PAIR			CAT. NO UL20103 HARD RECTANGULAR BLOCK HARD (4")-100X70X70 MM
VBMRUL20103N	RECTANGULAR BLOCK HARD (4")-100X70X70 MM	NOS			CAT. NO UL20103 SINGLE HARD RECTANGULAR BLOCK HARD (4")-100X70X70 MM
VBMRUL20104P	RECTANGULAR BLOCK HARD (6")-150X75X85 MM	PAIR			CAT. NO UL20104 HARD RECTANGULAR BLOCK HARD (6")-150X75X85 MM
VBMRUL20104N	RECTANGULAR BLOCK HARD (6")-150X75X85 MM	NOS			CAT. NO UL20104 SINGLE HARD RECTANGULAR BLOCK HARD (6")-150X75X85 MM
VBMRUL20101PS	RECTANGULAR BLOCK SOFT (1")-25X25X25 MM	PAIR			CAT. NO UL20102-SOFT RECTANGULAR BLOCK SOFT (1")-25X25X25 MM
VBMRUL20101NS	RECTANGULAR BLOCK SOFT (1")-25X25X25 MM	NOS			CAT. NO UL20102-SINGLE SOFT RECTANGULAR BLOCK SOFT (1")-25X25X25 MM
VBMRUL20103PS	RECTANGULAR BLOCK SOFT (3")-75X56X60 MM	PAIR			CAT. NO UL20102-SOFT RECTANGULAR BLOCK SOFT (3")-75X56X60 MM
VBMRUL20102NS	RECTANGULAR BLOCK SOFT (3")-75X56X60 MM	NOS			CAT. NO UL20102-SINGLE SOFT RECTANGULAR BLOCK SOFT (3")-75X56X60 MM
VBMRUL20103PS	RECTANGULAR BLOCK SOFT (4")-100X70X70 MM	PAIR			CAT. NO UL20103 SOFT RECTANGULAR BLOCK SOFT (4")-100X70X70 MM
VBMRUL20103NS	RECTANGULAR BLOCK SOFT (4")-100X70X70 MM	NOS			CAT. NO UL20103 SINGLE SOFT RECTANGULAR BLOCK SOFT (4")-100X70X70 MM
VBMUL20104PS	RECTANGULAR BLOCK SOFT (6")-150X75X85 MM	PAIR			CAT. NO UL20104 SOFT RECTANGULAR BLOCK SOFT (6")-150X75X85 MM
VBMUL20104NS	RECTANGULAR BLOCK SOFT (6")-150X75X85 MM	NOS			CAT. NO UL20104 SINGLE SOFT RECTANGULAR BLOCK SOFT (6")-150X75X85 MM
TPSUL20901	PERMANENT MAGNETIC SWEEPER-300X150 MM	NOS			CAT. NO UL20901 PERMANENT MAGNETIC SWEEPER-300X150 MM
TPSUL20902	PERMANENT MAGNETIC SWEEPER-450X150 MM	NOS			CAT. NO UL20902 PERMANENT MAGNETIC SWEEPER-450X150 MM
TPSUL20903	PERMANENT MAGNETIC SWEEPER-600X150 MM	NOS			CAT. NO UL20903 PERMANENT MAGNETIC SWEEPER-600X150 MM
MBUL50411	MAGNETIC BASE - 60X50X60 MM	NOS			CAT. NO UL50411 MAGNETIC BASE - 60X50X60 MM
MBUL50412	MAGNETIC BASE - 60X50X60 MM	NOS			CAT. NO UL50412 MAGNETIC BASE - 60X50X60 MM
MBUL50413	MAGNETIC BASE - 70X48X64 MM	NOS			CAT. NO UL50413 MAGNETIC BASE - 70X48X64 MM
MBUL50415	MAGNETIC BASE - 60X50X60 MM	NOS			CAT. NO UL50415 MAGNETIC BASE - 60X50X60 MM
MBUL50416	MAGNETIC BASE - 70X48X64 MM	NOS			CAT. NO UL50416 MAGNETIC BASE - 70X48X64 MM
MBUL50417	MAGNETIC BASE - 35X30X35 MM	NOS			CAT. NO UL50417 MAGNETIC BASE - 35X30X35 MM
MBUL50418	CENTRICATOR - 290X110X101 MM	NOS			CAT. NO UL50418 CENTRICATOR - 290X110X101 MM
MBUL50419	CENTRICATOR - 175X56X51 MM	NOS			CAT. NO UL50419 CENTRICATOR - 175X56X51 MM
